{"ts": "2026-10-06T13:54:08.801743+00:00", "logger": "mas.coordinator", "level": "INFO", "event": "parse_request", "request": "Analyze sales data", "task_type": "data_analysis", "task_types": ["data_analysis"], "parameters": {}, "priority": "normal", "source": "rule"}
{"ts": "2026-10-06T13:54:08.802009+00:00", "logger": "mas.coordinator", "level": "INFO", "event": "task_sent", "task_id": "data_agent-3ff2d750", "worker": "data_agent"}
{"ts": "2026-10-06T13:54:09.008083+00:00", "logger": "mas.coordinator", "level": "INFO", "event": "task_done", "task_id": "data_agent-3ff2d750", "worker": "data_agent", "status": "success", "seconds": 0.2}
{"ts": "2026-10-06T13:54:09.008177+00:00", "logger": "mas.coordinator", "level": "INFO", "event": "request_done", "status": "success", "seconds": 0.21, "tokens": 15, "workers": ["data_agent"]}
{"ts": "2026-10-06T13:54:09.008355+00:00", "logger": "mas.coordinator", "level": "INFO", "event": "task_sent", "task_id": "data_agent-f335234a", "worker": "data_agent"}
{"ts": "2026-10-06T13:54:09.008484+00:00", "logger": "mas.coordinator", "level": "INFO", "event": "task_sent", "task_id": "code_agent-3363ef0e", "worker": "code_agent"}
{"ts": "2026-10-06T13:54:09.214344+00:00", "logger": "mas.coordinator", "level": "INFO", "event": "task_done", "task_id": "data_agent-f335234a", "worker": "data_agent", "status": "success", "seconds": 0.2}
{"ts": "2026-10-06T13:54:09.214383+00:00", "logger": "mas.coordinator", "level": "INFO", "event": "task_done", "task_id": "code_agent-3363ef0e", "worker": "code_agent", "status": "success", "seconds": 0.2}
{"ts": "2026-10-06T13:54:09.214515+00:00", "logger": "mas.coordinator", "level": "INFO", "event": "task_sent", "task_id": "data_agent-3155ea00", "worker": "data_agent"}
{"ts": "2026-10-06T13:54:09.715965+00:00", "logger": "mas.coordinator", "level": "INFO", "event": "task_timeout", "task_id": "data_agent-3155ea00", "worker": "data_agent", "timeout": 0.5}
{"ts": "2026-10-06T13:54:09.716290+00:00", "logger": "mas.coordinator", "level": "INFO", "event": "task_done", "task_id": "data_agent-3155ea00", "worker": "data_agent", "status": "timeout", "seconds": null}
{"ts": "2026-10-06T13:54:09.716388+00:00", "logger": "mas.coordinator", "level": "INFO", "event": "retry", "attempt": 1, "max_retries": 1, "tasks": ["data_agent-3155ea00"]}
{"ts": "2026-10-06T13:54:09.716570+00:00", "logger": "mas.coordinator", "level": "INFO", "event": "task_sent", "task_id": "data_agent-3155ea00", "worker": "data_agent"}
{"ts": "2026-10-06T13:54:10.217092+00:00", "logger": "mas.coordinator", "level": "INFO", "event": "task_timeout", "task_id": "data_agent-3155ea00", "worker": "data_agent", "timeout": 0.5}
{"ts": "2026-10-06T13:54:10.217497+00:00", "logger": "mas.coordinator", "level": "INFO", "event": "task_done", "task_id": "data_agent-3155ea00", "worker": "data_agent", "status": "timeout", "seconds": null}
{"ts": "2026-10-06T13:54:10.217613+00:00", "logger": "mas.coordinator", "level": "INFO", "event": "fallback", "task_id": "data_agent-3155ea00", "from_worker": "data_agent", "to_worker": "code_agent"}
{"ts": "2026-10-06T13:54:10.217761+00:00", "logger": "mas.coordinator", "level": "INFO", "event": "task_sent", "task_id": "data_agent-3155ea00", "worker": "code_agent"}
{"ts": "2026-10-06T13:54:10.218883+00:00", "logger": "mas.coordinator", "level": "INFO", "event": "task_done", "task_id": "data_agent-3155ea00", "worker": "code_agent", "status": "success", "seconds": 0.0}
{"ts": "2026-10-06T13:55:08.072455+00:00", "logger": "mas.coordinator", "level": "INFO", "event": "parse_request", "request": "Analyze Q3 2026 revenue by region and create an SVG bar chart", "task_type": "complex", "task_types": ["data_analysis", "code_generation"], "parameters": {"quarter": 3, "year": 2026}, "priority": "normal", "source": "rule"}
{"ts": "2026-10-06T13:55:08.073223+00:00", "logger": "mas.coordinator", "level": "INFO", "event": "task_sent", "task_id": "data_agent-943e2394", "worker": "data_agent"}
{"ts": "2026-10-06T13:55:12.917369+00:00", "logger": "mas.coordinator", "level": "INFO", "event": "task_done", "task_id": "data_agent-943e2394", "worker": "data_agent", "status": "success", "seconds": 4.84}
{"ts": "2026-10-06T13:55:12.917511+00:00", "logger": "mas.coordinator", "level": "INFO", "event": "task_sent", "task_id": "code_agent-a0b4c0d8", "worker": "code_agent"}
{"ts": "2026-10-06T13:55:22.698439+00:00", "logger": "mas.coordinator", "level": "INFO", "event": "task_done", "task_id": "code_agent-a0b4c0d8", "worker": "code_agent", "status": "success", "seconds": 9.78}
{"ts": "2026-10-06T13:55:22.699172+00:00", "logger": "mas.coordinator", "level": "INFO", "event": "task_sent", "task_id": "evaluator_agent-9d86ef2a", "worker": "evaluator_agent"}
{"ts": "2026-10-06T13:55:30.567639+00:00", "logger": "mas.coordinator", "level": "INFO", "event": "task_done", "task_id": "evaluator_agent-9d86ef2a", "worker": "evaluator_agent", "status": "success", "seconds": 7.87}
{"ts": "2026-10-06T13:55:30.568089+00:00", "logger": "mas.coordinator", "level": "INFO", "event": "request_done", "status": "success", "seconds": 22.5, "tokens": 8285, "workers": ["data_agent", "code_agent", "evaluator_agent"]}
{"ts": "2026-10-06T13:55:37.798225+00:00", "logger": "mas.coordinator", "level": "INFO", "event": "parse_request", "request": "What is the total revenue in 2026?", "task_type": "data_analysis", "task_types": ["data_analysis"], "parameters": {"year": 2026}, "priority": "normal", "source": "rule"}
{"ts": "2026-10-06T13:55:37.798718+00:00", "logger": "mas.coordinator", "level": "INFO", "event": "task_sent", "task_id": "data_agent-2b76c432", "worker": "data_agent"}
{"ts": "2026-10-06T13:55:41.198801+00:00", "logger": "mas.coordinator", "level": "INFO", "event": "task_done", "task_id": "data_agent-2b76c432", "worker": "data_agent", "status": "success", "seconds": 3.4}
{"ts": "2026-10-06T13:55:41.199358+00:00", "logger": "mas.coordinator", "level": "INFO", "event": "request_done", "status": "success", "seconds": 3.4, "tokens": 1266, "workers": ["data_agent"]}
{"ts": "2026-10-06T13:55:41.201193+00:00", "logger": "mas.coordinator", "level": "INFO", "event": "task_sent", "task_id": "data_agent-8adc6bc3", "worker": "data_agent"}
{"ts": "2026-10-06T13:55:44.248502+00:00", "logger": "mas.coordinator", "level": "INFO", "event": "task_done", "task_id": "data_agent-8adc6bc3", "worker": "data_agent", "status": "success", "seconds": 3.04}
{"ts": "2026-10-06T13:55:44.248771+00:00", "logger": "mas.coordinator", "level": "INFO", "event": "request_done", "status": "success", "seconds": 3.05, "tokens": 1266, "workers": ["data_agent"]}
{"ts": "2026-10-06T13:55:44.249103+00:00", "logger": "mas.coordinator", "level": "INFO", "event": "task_sent", "task_id": "data_agent-0cdaa15e", "worker": "data_agent"}
{"ts": "2026-10-06T13:55:46.926807+00:00", "logger": "mas.coordinator", "level": "INFO", "event": "task_done", "task_id": "data_agent-0cdaa15e", "worker": "data_agent", "status": "success", "seconds": 2.68}
{"ts": "2026-10-06T13:55:46.926902+00:00", "logger": "mas.coordinator", "level": "INFO", "event": "request_done", "status": "success", "seconds": 2.68, "tokens": 1266, "workers": ["data_agent"]}
{"ts": "2026-10-06T13:55:46.927225+00:00", "logger": "mas.coordinator", "level": "INFO", "event": "parse_request", "request": "Write a Python script that reads a CSV file and prints the number of rows, then run it on a small sample CSV you create.", "task_type": "code_generation", "task_types": ["code_generation"], "parameters": {}, "priority": "normal", "source": "rule"}
{"ts": "2026-10-06T13:55:46.927393+00:00", "logger": "mas.coordinator", "level": "INFO", "event": "task_sent", "task_id": "code_agent-61b27a6e", "worker": "code_agent"}
{"ts": "2026-10-06T13:55:51.936675+00:00", "logger": "mas.coordinator", "level": "INFO", "event": "task_done", "task_id": "code_agent-61b27a6e", "worker": "code_agent", "status": "success", "seconds": 5.01}
{"ts": "2026-10-06T13:55:51.936923+00:00", "logger": "mas.coordinator", "level": "INFO", "event": "request_done", "status": "success", "seconds": 5.01, "tokens": 2465, "workers": ["code_agent"]}
{"ts": "2026-10-06T13:55:51.937276+00:00", "logger": "mas.coordinator", "level": "INFO", "event": "task_sent", "task_id": "code_agent-24159f78", "worker": "code_agent"}
{"ts": "2026-10-06T13:55:57.151322+00:00", "logger": "mas.coordinator", "level": "INFO", "event": "task_done", "task_id": "code_agent-24159f78", "worker": "code_agent", "status": "success", "seconds": 5.21}
{"ts": "2026-10-06T13:55:57.151422+00:00", "logger": "mas.coordinator", "level": "INFO", "event": "request_done", "status": "success", "seconds": 5.21, "tokens": 2464, "workers": ["code_agent"]}
{"ts": "2026-10-06T13:55:57.151659+00:00", "logger": "mas.coordinator", "level": "INFO", "event": "task_sent", "task_id": "code_agent-38779746", "worker": "code_agent"}
{"ts": "2026-10-06T13:56:01.294646+00:00", "logger": "mas.coordinator", "level": "INFO", "event": "task_done", "task_id": "code_agent-38779746", "worker": "code_agent", "status": "success", "seconds": 4.14}
{"ts": "2026-10-06T13:56:01.295400+00:00", "logger": "mas.coordinator", "level": "INFO", "event": "request_done", "status": "success", "seconds": 4.14, "tokens": 1948, "workers": ["code_agent"]}
{"ts": "2026-10-06T13:56:01.296205+00:00", "logger": "mas.coordinator", "level": "INFO", "event": "parse_request", "request": "Analyze Q3 2026 revenue by region, create an SVG bar chart of it and evaluate the result.", "task_type": "complex", "task_types": ["data_analysis", "code_generation", "evaluation"], "parameters": {"quarter": 3, "year": 2026}, "priority": "normal", "source": "rule"}
{"ts": "2026-10-06T13:56:01.296430+00:00", "logger": "mas.coordinator", "level": "INFO", "event": "task_sent", "task_id": "data_agent-27080d1d", "worker": "data_agent"}
{"ts": "2026-10-06T13:56:10.419301+00:00", "logger": "mas.coordinator", "level": "INFO", "event": "task_done", "task_id": "data_agent-27080d1d", "worker": "data_agent", "status": "success", "seconds": 9.12}
{"ts": "2026-10-06T13:56:10.419616+00:00", "logger": "mas.coordinator", "level": "INFO", "event": "task_sent", "task_id": "code_agent-45904b34", "worker": "code_agent"}
{"ts": "2026-10-06T13:56:21.031786+00:00", "logger": "mas.coordinator", "level": "INFO", "event": "task_done", "task_id": "code_agent-45904b34", "worker": "code_agent", "status": "success", "seconds": 10.61}
{"ts": "2026-10-06T13:56:21.032169+00:00", "logger": "mas.coordinator", "level": "INFO", "event": "task_sent", "task_id": "evaluator_agent-88143742", "worker": "evaluator_agent"}
{"ts": "2026-10-06T13:56:42.368241+00:00", "logger": "mas.coordinator", "level": "INFO", "event": "task_done", "task_id": "evaluator_agent-88143742", "worker": "evaluator_agent", "status": "success", "seconds": 21.33}
{"ts": "2026-10-06T13:56:42.368550+00:00", "logger": "mas.coordinator", "level": "INFO", "event": "request_done", "status": "success", "seconds": 41.07, "tokens": 15219, "workers": ["data_agent", "code_agent", "evaluator_agent"]}
{"ts": "2026-10-06T13:56:42.369113+00:00", "logger": "mas.coordinator", "level": "INFO", "event": "task_sent", "task_id": "data_agent-ce665b8a", "worker": "data_agent"}
{"ts": "2026-10-06T13:56:49.469278+00:00", "logger": "mas.coordinator", "level": "INFO", "event": "task_done", "task_id": "data_agent-ce665b8a", "worker": "data_agent", "status": "success", "seconds": 7.1}
{"ts": "2026-10-06T13:56:49.469713+00:00", "logger": "mas.coordinator", "level": "INFO", "event": "task_sent", "task_id": "code_agent-8d20f815", "worker": "code_agent"}
{"ts": "2026-10-06T13:57:13.881627+00:00", "logger": "mas.coordinator", "level": "INFO", "event": "task_done", "task_id": "code_agent-8d20f815", "worker": "code_agent", "status": "success", "seconds": 24.41}
{"ts": "2026-10-06T13:57:13.882137+00:00", "logger": "mas.coordinator", "level": "INFO", "event": "task_sent", "task_id": "evaluator_agent-6aaf989f", "worker": "evaluator_agent"}
{"ts": "2026-10-06T13:57:33.968687+00:00", "logger": "mas.coordinator", "level": "INFO", "event": "task_done", "task_id": "evaluator_agent-6aaf989f", "worker": "evaluator_agent", "status": "success", "seconds": 20.08}
{"ts": "2026-10-06T13:57:33.968990+00:00", "logger": "mas.coordinator", "level": "INFO", "event": "request_done", "status": "success", "seconds": 51.6, "tokens": 25235, "workers": ["data_agent", "code_agent", "evaluator_agent"]}
{"ts": "2026-10-06T13:57:33.969451+00:00", "logger": "mas.coordinator", "level": "INFO", "event": "task_sent", "task_id": "data_agent-fcab523f", "worker": "data_agent"}
{"ts": "2026-10-06T13:57:37.339054+00:00", "logger": "mas.coordinator", "level": "INFO", "event": "task_done", "task_id": "data_agent-fcab523f", "worker": "data_agent", "status": "success", "seconds": 3.37}
{"ts": "2026-10-06T13:57:37.339282+00:00", "logger": "mas.coordinator", "level": "INFO", "event": "task_sent", "task_id": "code_agent-a5d80461", "worker": "code_agent"}
{"ts": "2026-10-06T13:57:46.573029+00:00", "logger": "mas.coordinator", "level": "INFO", "event": "task_done", "task_id": "code_agent-a5d80461", "worker": "code_agent", "status": "success", "seconds": 9.23}
{"ts": "2026-10-06T13:57:46.573436+00:00", "logger": "mas.coordinator", "level": "INFO", "event": "task_sent", "task_id": "evaluator_agent-10bb80a2", "worker": "evaluator_agent"}
{"ts": "2026-10-06T13:57:58.188441+00:00", "logger": "mas.coordinator", "level": "INFO", "event": "task_done", "task_id": "evaluator_agent-10bb80a2", "worker": "evaluator_agent", "status": "success", "seconds": 11.61}
{"ts": "2026-10-06T13:57:58.189169+00:00", "logger": "mas.coordinator", "level": "INFO", "event": "request_done", "status": "success", "seconds": 24.22, "tokens": 10046, "workers": ["data_agent", "code_agent", "evaluator_agent"]}
{"ts": "2026-10-06T13:58:16.329938+00:00", "logger": "mas.coordinator", "level": "INFO", "event": "parse_request", "request": "What is total revenue?", "task_type": "data_analysis", "task_types": ["data_analysis"], "parameters": {}, "priority": "normal", "source": "rule"}
{"ts": "2026-10-06T13:58:16.331127+00:00", "logger": "mas.coordinator", "level": "INFO", "event": "task_sent", "task_id": "data_agent-54c18fdd", "worker": "data_agent"}
{"ts": "2026-10-06T13:58:16.344503+00:00", "logger": "mas.coordinator", "level": "INFO", "event": "task_done", "task_id": "data_agent-54c18fdd", "worker": "data_agent", "status": "success", "seconds": 0.01}
{"ts": "2026-10-06T13:58:16.344599+00:00", "logger": "mas.coordinator", "level": "INFO", "event": "request_done", "status": "success", "seconds": 0.02, "tokens": 15, "workers": ["data_agent"]}
{"ts": "2026-10-06T13:58:16.344718+00:00", "logger": "mas.coordinator", "level": "INFO", "event": "parse_request", "request": "Analyze sales and create a chart", "task_type": "complex", "task_types": ["data_analysis", "code_generation"], "parameters": {}, "priority": "normal", "source": "rule"}
{"ts": "2026-10-06T13:58:16.344857+00:00", "logger": "mas.coordinator", "level": "INFO", "event": "task_sent", "task_id": "data_agent-4f1523d1", "worker": "data_agent"}
{"ts": "2026-10-06T13:58:16.358250+00:00", "logger": "mas.coordinator", "level": "INFO", "event": "task_done", "task_id": "data_agent-4f1523d1", "worker": "data_agent", "status": "success", "seconds": 0.01}
{"ts": "2026-10-06T13:58:16.358819+00:00", "logger": "mas.coordinator", "level": "INFO", "event": "task_sent", "task_id": "code_agent-dc06b43a", "worker": "code_agent"}
{"ts": "2026-10-06T13:58:16.372064+00:00", "logger": "mas.coordinator", "level": "INFO", "event": "task_done", "task_id": "code_agent-dc06b43a", "worker": "code_agent", "status": "success", "seconds": 0.01}
{"ts": "2026-10-06T13:58:16.372516+00:00", "logger": "mas.coordinator", "level": "INFO", "event": "request_done", "status": "success", "seconds": 0.03, "tokens": 30, "workers": ["data_agent", "code_agent"]}
{"ts": "2026-10-06T13:58:16.372753+00:00", "logger": "mas.coordinator", "level": "INFO", "event": "parse_request", "request": "Total revenue per region in Q3", "task_type": "data_analysis", "task_types": ["data_analysis"], "parameters": {"quarter": 3}, "priority": "normal", "source": "rule"}
{"ts": "2026-10-06T13:58:16.372986+00:00", "logger": "mas.coordinator", "level": "INFO", "event": "task_sent", "task_id": "data_agent-cbc869c0", "worker": "data_agent"}
{"ts": "2026-10-06T13:58:16.388647+00:00", "logger": "mas.coordinator", "level": "INFO", "event": "task_done", "task_id": "data_agent-cbc869c0", "worker": "data_agent", "status": "success", "seconds": 0.01}
{"ts": "2026-10-06T13:58:16.388992+00:00", "logger": "mas.coordinator", "level": "INFO", "event": "request_done", "status": "success", "seconds": 0.02, "tokens": 15, "workers": ["data_agent"]}
{"ts": "2026-10-06T13:58:16.389132+00:00", "logger": "mas.coordinator", "level": "INFO", "event": "parse_request", "request": "Write a Python script that summarises sales", "task_type": "complex", "task_types": ["data_analysis", "code_generation"], "parameters": {}, "priority": "normal", "source": "rule"}
{"ts": "2026-10-06T13:58:16.389344+00:00", "logger": "mas.coordinator", "level": "INFO", "event": "task_sent", "task_id": "data_agent-acd409e4", "worker": "data_agent"}
{"ts": "2026-10-06T13:58:16.402328+00:00", "logger": "mas.coordinator", "level": "INFO", "event": "task_done", "task_id": "data_agent-acd409e4", "worker": "data_agent", "status": "success", "seconds": 0.01}
{"ts": "2026-10-06T13:58:16.402528+00:00", "logger": "mas.coordinator", "level": "INFO", "event": "task_sent", "task_id": "code_agent-15b0eb5c", "worker": "code_agent"}
{"ts": "2026-10-06T13:58:16.414281+00:00", "logger": "mas.coordinator", "level": "INFO", "event": "task_done", "task_id": "code_agent-15b0eb5c", "worker": "code_agent", "status": "success", "seconds": 0.01}
{"ts": "2026-10-06T13:58:16.414452+00:00", "logger": "mas.coordinator", "level": "INFO", "event": "request_done", "status": "success", "seconds": 0.03, "tokens": 30, "workers": ["data_agent", "code_agent"]}
{"ts": "2026-10-06T13:58:16.415297+00:00", "logger": "mas.coordinator", "level": "INFO", "event": "parse_request", "request": "Analyze revenue, create a report and evaluate it", "task_type": "complex", "task_types": ["data_analysis", "code_generation", "evaluation"], "parameters": {}, "priority": "normal", "source": "rule"}
{"ts": "2026-10-06T13:58:16.416060+00:00", "logger": "mas.coordinator", "level": "INFO", "event": "task_sent", "task_id": "data_agent-9d2bcd91", "worker": "data_agent"}
{"ts": "2026-10-06T13:58:16.490892+00:00", "logger": "mas.coordinator", "level": "INFO", "event": "task_done", "task_id": "data_agent-9d2bcd91", "worker": "data_agent", "status": "success", "seconds": 0.01}
{"ts": "2026-10-06T13:58:16.491498+00:00", "logger": "mas.coordinator", "level": "INFO", "event": "task_sent", "task_id": "code_agent-7414c10e", "worker": "code_agent"}
{"ts": "2026-10-06T13:58:16.519858+00:00", "logger": "mas.coordinator", "level": "INFO", "event": "task_done", "task_id": "code_agent-7414c10e", "worker": "code_agent", "status": "success", "seconds": 0.01}
{"ts": "2026-10-06T13:58:16.520456+00:00", "logger": "mas.coordinator", "level": "INFO", "event": "task_sent", "task_id": "evaluator_agent-af110a48", "worker": "evaluator_agent"}
{"ts": "2026-10-06T13:58:16.534410+00:00", "logger": "mas.coordinator", "level": "INFO", "event": "task_done", "task_id": "evaluator_agent-af110a48", "worker": "evaluator_agent", "status": "success", "seconds": 0.01}
{"ts": "2026-10-06T13:58:16.534496+00:00", "logger": "mas.coordinator", "level": "INFO", "event": "request_done", "status": "success", "seconds": 0.12, "tokens": 45, "workers": ["data_agent", "code_agent", "evaluator_agent"]}
{"ts": "2026-10-06T13:58:16.534624+00:00", "logger": "mas.coordinator", "level": "INFO", "event": "task_sent", "task_id": "data_agent-75da2c27", "worker": "data_agent"}
{"ts": "2026-10-06T13:58:16.547978+00:00", "logger": "mas.coordinator", "level": "INFO", "event": "task_done", "task_id": "data_agent-75da2c27", "worker": "data_agent", "status": "success", "seconds": 0.01}
{"ts": "2026-10-06T13:58:16.548046+00:00", "logger": "mas.coordinator", "level": "INFO", "event": "request_done", "status": "success", "seconds": 0.01, "tokens": 15, "workers": ["data_agent"]}
{"ts": "2026-10-06T13:58:16.548361+00:00", "logger": "mas.coordinator", "level": "INFO", "event": "task_sent", "task_id": "data_agent-c17815e0", "worker": "data_agent"}
{"ts": "2026-10-06T13:58:16.561890+00:00", "logger": "mas.coordinator", "level": "INFO", "event": "task_done", "task_id": "data_agent-c17815e0", "worker": "data_agent", "status": "success", "seconds": 0.01}
{"ts": "2026-10-06T13:58:16.562040+00:00", "logger": "mas.coordinator", "level": "INFO", "event": "task_sent", "task_id": "code_agent-d7adf622", "worker": "code_agent"}
{"ts": "2026-10-06T13:58:16.575332+00:00", "logger": "mas.coordinator", "level": "INFO", "event": "task_done", "task_id": "code_agent-d7adf622", "worker": "code_agent", "status": "success", "seconds": 0.01}
{"ts": "2026-10-06T13:58:16.575406+00:00", "logger": "mas.coordinator", "level": "INFO", "event": "request_done", "status": "success", "seconds": 0.03, "tokens": 30, "workers": ["data_agent", "code_agent"]}
{"ts": "2026-10-06T13:58:16.575532+00:00", "logger": "mas.coordinator", "level": "INFO", "event": "task_sent", "task_id": "data_agent-beb3cc95", "worker": "data_agent"}
{"ts": "2026-10-06T13:58:16.589107+00:00", "logger": "mas.coordinator", "level": "INFO", "event": "task_done", "task_id": "data_agent-beb3cc95", "worker": "data_agent", "status": "success", "seconds": 0.01}
{"ts": "2026-10-06T13:58:16.589183+00:00", "logger": "mas.coordinator", "level": "INFO", "event": "request_done", "status": "success", "seconds": 0.01, "tokens": 15, "workers": ["data_agent"]}
{"ts": "2026-10-06T13:58:16.589313+00:00", "logger": "mas.coordinator", "level": "INFO", "event": "task_sent", "task_id": "data_agent-a72a8632", "worker": "data_agent"}
{"ts": "2026-10-06T13:58:16.602684+00:00", "logger": "mas.coordinator", "level": "INFO", "event": "task_done", "task_id": "data_agent-a72a8632", "worker": "data_agent", "status": "success", "seconds": 0.01}
{"ts": "2026-10-06T13:58:16.602898+00:00", "logger": "mas.coordinator", "level": "INFO", "event": "task_sent", "task_id": "code_agent-9c4d9779", "worker": "code_agent"}
{"ts": "2026-10-06T13:58:16.616624+00:00", "logger": "mas.coordinator", "level": "INFO", "event": "task_done", "task_id": "code_agent-9c4d9779", "worker": "code_agent", "status": "success", "seconds": 0.01}
{"ts": "2026-10-06T13:58:16.616719+00:00", "logger": "mas.coordinator", "level": "INFO", "event": "request_done", "status": "success", "seconds": 0.03, "tokens": 30, "workers": ["data_agent", "code_agent"]}
{"ts": "2026-10-06T13:58:16.616853+00:00", "logger": "mas.coordinator", "level": "INFO", "event": "task_sent", "task_id": "data_agent-b2418cb0", "worker": "data_agent"}
{"ts": "2026-10-06T13:58:16.629566+00:00", "logger": "mas.coordinator", "level": "INFO", "event": "task_done", "task_id": "data_agent-b2418cb0", "worker": "data_agent", "status": "success", "seconds": 0.01}
{"ts": "2026-10-06T13:58:16.629688+00:00", "logger": "mas.coordinator", "level": "INFO", "event": "task_sent", "task_id": "code_agent-9b0d0ebb", "worker": "code_agent"}
{"ts": "2026-10-06T13:58:16.643673+00:00", "logger": "mas.coordinator", "level": "INFO", "event": "task_done", "task_id": "code_agent-9b0d0ebb", "worker": "code_agent", "status": "success", "seconds": 0.01}
{"ts": "2026-10-06T13:58:16.643939+00:00", "logger": "mas.coordinator", "level": "INFO", "event": "task_sent", "task_id": "evaluator_agent-320373e3", "worker": "evaluator_agent"}
{"ts": "2026-10-06T13:58:16.656484+00:00", "logger": "mas.coordinator", "level": "INFO", "event": "task_done", "task_id": "evaluator_agent-320373e3", "worker": "evaluator_agent", "status": "success", "seconds": 0.01}
{"ts": "2026-10-06T13:58:16.656561+00:00", "logger": "mas.coordinator", "level": "INFO", "event": "request_done", "status": "success", "seconds": 0.04, "tokens": 45, "workers": ["data_agent", "code_agent", "evaluator_agent"]}
{"ts": "2026-10-06T13:58:16.656697+00:00", "logger": "mas.coordinator", "level": "INFO", "event": "task_sent", "task_id": "data_agent-6daefd0b", "worker": "data_agent"}
{"ts": "2026-10-06T13:58:16.669966+00:00", "logger": "mas.coordinator", "level": "INFO", "event": "task_done", "task_id": "data_agent-6daefd0b", "worker": "data_agent", "status": "success", "seconds": 0.01}
{"ts": "2026-10-06T13:58:16.670034+00:00", "logger": "mas.coordinator", "level": "INFO", "event": "request_done", "status": "success", "seconds": 0.01, "tokens": 15, "workers": ["data_agent"]}
{"ts": "2026-10-06T13:58:16.670167+00:00", "logger": "mas.coordinator", "level": "INFO", "event": "task_sent", "task_id": "data_agent-dd6881a8", "worker": "data_agent"}
{"ts": "2026-10-06T13:58:16.683848+00:00", "logger": "mas.coordinator", "level": "INFO", "event": "task_done", "task_id": "data_agent-dd6881a8", "worker": "data_agent", "status": "success", "seconds": 0.01}
{"ts": "2026-10-06T13:58:16.684052+00:00", "logger": "mas.coordinator", "level": "INFO", "event": "task_sent", "task_id": "code_agent-8eaa18a9", "worker": "code_agent"}
{"ts": "2026-10-06T13:58:16.696782+00:00", "logger": "mas.coordinator", "level": "INFO", "event": "task_done", "task_id": "code_agent-8eaa18a9", "worker": "code_agent", "status": "success", "seconds": 0.01}
{"ts": "2026-10-06T13:58:16.696996+00:00", "logger": "mas.coordinator", "level": "INFO", "event": "request_done", "status": "success", "seconds": 0.03, "tokens": 30, "workers": ["data_agent", "code_agent"]}
{"ts": "2026-10-06T13:58:16.697320+00:00", "logger": "mas.coordinator", "level": "INFO", "event": "task_sent", "task_id": "data_agent-8f77a674", "worker": "data_agent"}
{"ts": "2026-10-06T13:58:16.711443+00:00", "logger": "mas.coordinator", "level": "INFO", "event": "task_done", "task_id": "data_agent-8f77a674", "worker": "data_agent", "status": "success", "seconds": 0.01}
{"ts": "2026-10-06T13:58:16.711603+00:00", "logger": "mas.coordinator", "level": "INFO", "event": "request_done", "status": "success", "seconds": 0.01, "tokens": 15, "workers": ["data_agent"]}
{"ts": "2026-10-06T13:58:16.711856+00:00", "logger": "mas.coordinator", "level": "INFO", "event": "task_sent", "task_id": "data_agent-599bade1", "worker": "data_agent"}
{"ts": "2026-10-06T13:58:16.726201+00:00", "logger": "mas.coordinator", "level": "INFO", "event": "task_done", "task_id": "data_agent-599bade1", "worker": "data_agent", "status": "success", "seconds": 0.01}
{"ts": "2026-10-06T13:58:16.726517+00:00", "logger": "mas.coordinator", "level": "INFO", "event": "task_sent", "task_id": "code_agent-fea67a30", "worker": "code_agent"}
{"ts": "2026-10-06T13:58:16.738965+00:00", "logger": "mas.coordinator", "level": "INFO", "event": "task_done", "task_id": "code_agent-fea67a30", "worker": "code_agent", "status": "success", "seconds": 0.01}
{"ts": "2026-10-06T13:58:16.739140+00:00", "logger": "mas.coordinator", "level": "INFO", "event": "request_done", "status": "success", "seconds": 0.03, "tokens": 30, "workers": ["data_agent", "code_agent"]}
{"ts": "2026-10-06T13:58:16.739397+00:00", "logger": "mas.coordinator", "level": "INFO", "event": "task_sent", "task_id": "data_agent-22abde23", "worker": "data_agent"}
{"ts": "2026-10-06T13:58:16.752861+00:00", "logger": "mas.coordinator", "level": "INFO", "event": "task_done", "task_id": "data_agent-22abde23", "worker": "data_agent", "status": "success", "seconds": 0.01}
{"ts": "2026-10-06T13:58:16.753200+00:00", "logger": "mas.coordinator", "level": "INFO", "event": "task_sent", "task_id": "code_agent-b83be934", "worker": "code_agent"}
{"ts": "2026-10-06T13:58:16.767600+00:00", "logger": "mas.coordinator", "level": "INFO", "event": "task_done", "task_id": "code_agent-b83be934", "worker": "code_agent", "status": "success", "seconds": 0.01}
{"ts": "2026-10-06T13:58:16.767993+00:00", "logger": "mas.coordinator", "level": "INFO", "event": "task_sent", "task_id": "evaluator_agent-3ad580bd", "worker": "evaluator_agent"}
{"ts": "2026-10-06T13:58:16.782111+00:00", "logger": "mas.coordinator", "level": "INFO", "event": "task_done", "task_id": "evaluator_agent-3ad580bd", "worker": "evaluator_agent", "status": "success", "seconds": 0.01}
{"ts": "2026-10-06T13:58:16.782283+00:00", "logger": "mas.coordinator", "level": "INFO", "event": "request_done", "status": "success", "seconds": 0.04, "tokens": 45, "workers": ["data_agent", "code_agent", "evaluator_agent"]}
{"ts": "2026-10-06T13:58:16.782544+00:00", "logger": "mas.coordinator", "level": "INFO", "event": "task_sent", "task_id": "data_agent-06df16ef", "worker": "data_agent"}
{"ts": "2026-10-06T13:58:16.796692+00:00", "logger": "mas.coordinator", "level": "INFO", "event": "task_done", "task_id": "data_agent-06df16ef", "worker": "data_agent", "status": "success", "seconds": 0.01}
{"ts": "2026-10-06T13:58:16.797008+00:00", "logger": "mas.coordinator", "level": "INFO", "event": "request_done", "status": "success", "seconds": 0.01, "tokens": 15, "workers": ["data_agent"]}
{"ts": "2026-10-06T13:58:16.797380+00:00", "logger": "mas.coordinator", "level": "INFO", "event": "task_sent", "task_id": "data_agent-69356543", "worker": "data_agent"}
{"ts": "2026-10-06T13:58:16.814225+00:00", "logger": "mas.coordinator", "level": "INFO", "event": "task_done", "task_id": "data_agent-69356543", "worker": "data_agent", "status": "success", "seconds": 0.01}
{"ts": "2026-10-06T13:58:16.814674+00:00", "logger": "mas.coordinator", "level": "INFO", "event": "task_sent", "task_id": "code_agent-b627c443", "worker": "code_agent"}
{"ts": "2026-10-06T13:58:16.829061+00:00", "logger": "mas.coordinator", "level": "INFO", "event": "task_done", "task_id": "code_agent-b627c443", "worker": "code_agent", "status": "success", "seconds": 0.01}
{"ts": "2026-10-06T13:58:16.829238+00:00", "logger": "mas.coordinator", "level": "INFO", "event": "request_done", "status": "success", "seconds": 0.03, "tokens": 30, "workers": ["data_agent", "code_agent"]}
{"ts": "2026-10-06T13:58:16.829508+00:00", "logger": "mas.coordinator", "level": "INFO", "event": "task_sent", "task_id": "data_agent-ea56f818", "worker": "data_agent"}
{"ts": "2026-10-06T13:58:16.841999+00:00", "logger": "mas.coordinator", "level": "INFO", "event": "task_done", "task_id": "data_agent-ea56f818", "worker": "data_agent", "status": "success", "seconds": 0.01}
{"ts": "2026-10-06T13:58:16.842149+00:00", "logger": "mas.coordinator", "level": "INFO", "event": "request_done", "status": "success", "seconds": 0.01, "tokens": 15, "workers": ["data_agent"]}
{"ts": "2026-10-06T13:58:16.842401+00:00", "logger": "mas.coordinator", "level": "INFO", "event": "task_sent", "task_id": "data_agent-b4b5a69e", "worker": "data_agent"}
{"ts": "2026-10-06T13:58:16.856842+00:00", "logger": "mas.coordinator", "level": "INFO", "event": "task_done", "task_id": "data_agent-b4b5a69e", "worker": "data_agent", "status": "success", "seconds": 0.01}
{"ts": "2026-10-06T13:58:16.857133+00:00", "logger": "mas.coordinator", "level": "INFO", "event": "task_sent", "task_id": "code_agent-a4f19229", "worker": "code_agent"}
{"ts": "2026-10-06T13:58:16.871896+00:00", "logger": "mas.coordinator", "level": "INFO", "event": "task_done", "task_id": "code_agent-a4f19229", "worker": "code_agent", "status": "success", "seconds": 0.01}
{"ts": "2026-10-06T13:58:16.872172+00:00", "logger": "mas.coordinator", "level": "INFO", "event": "request_done", "status": "success", "seconds": 0.03, "tokens": 30, "workers": ["data_agent", "code_agent"]}
{"ts": "2026-10-06T13:58:16.872530+00:00", "logger": "mas.coordinator", "level": "INFO", "event": "task_sent", "task_id": "data_agent-0fe24ede", "worker": "data_agent"}
{"ts": "2026-10-06T13:58:16.884852+00:00", "logger": "mas.coordinator", "level": "INFO", "event": "task_done", "task_id": "data_agent-0fe24ede", "worker": "data_agent", "status": "success", "seconds": 0.01}
{"ts": "2026-10-06T13:58:16.885107+00:00", "logger": "mas.coordinator", "level": "INFO", "event": "task_sent", "task_id": "code_agent-0fa2835c", "worker": "code_agent"}
{"ts": "2026-10-06T13:58:16.899319+00:00", "logger": "mas.coordinator", "level": "INFO", "event": "task_done", "task_id": "code_agent-0fa2835c", "worker": "code_agent", "status": "success", "seconds": 0.01}
{"ts": "2026-10-06T13:58:16.899553+00:00", "logger": "mas.coordinator", "level": "INFO", "event": "task_sent", "task_id": "evaluator_agent-5dac7af7", "worker": "evaluator_agent"}
{"ts": "2026-10-06T13:58:16.913621+00:00", "logger": "mas.coordinator", "level": "INFO", "event": "task_done", "task_id": "evaluator_agent-5dac7af7", "worker": "evaluator_agent", "status": "success", "seconds": 0.01}
{"ts": "2026-10-06T13:58:16.913824+00:00", "logger": "mas.coordinator", "level": "INFO", "event": "request_done", "status": "success", "seconds": 0.04, "tokens": 45, "workers": ["data_agent", "code_agent", "evaluator_agent"]}
{"ts": "2026-10-06T13:58:16.914079+00:00", "logger": "mas.coordinator", "level": "INFO", "event": "task_sent", "task_id": "data_agent-93024b43", "worker": "data_agent"}
{"ts": "2026-10-06T13:58:16.927474+00:00", "logger": "mas.coordinator", "level": "INFO", "event": "task_done", "task_id": "data_agent-93024b43", "worker": "data_agent", "status": "success", "seconds": 0.01}
{"ts": "2026-10-06T13:58:16.927728+00:00", "logger": "mas.coordinator", "level": "INFO", "event": "request_done", "status": "success", "seconds": 0.01, "tokens": 15, "workers": ["data_agent"]}
{"ts": "2026-10-06T13:58:16.928053+00:00", "logger": "mas.coordinator", "level": "INFO", "event": "task_sent", "task_id": "data_agent-c2ba7790", "worker": "data_agent"}
{"ts": "2026-10-06T13:58:16.942409+00:00", "logger": "mas.coordinator", "level": "INFO", "event": "task_done", "task_id": "data_agent-c2ba7790", "worker": "data_agent", "status": "success", "seconds": 0.01}
{"ts": "2026-10-06T13:58:16.942721+00:00", "logger": "mas.coordinator", "level": "INFO", "event": "task_sent", "task_id": "code_agent-3f726ee3", "worker": "code_agent"}
{"ts": "2026-10-06T13:58:16.954963+00:00", "logger": "mas.coordinator", "level": "INFO", "event": "task_done", "task_id": "code_agent-3f726ee3", "worker": "code_agent", "status": "success", "seconds": 0.01}
{"ts": "2026-10-06T13:58:16.955124+00:00", "logger": "mas.coordinator", "level": "INFO", "event": "request_done", "status": "success", "seconds": 0.03, "tokens": 30, "workers": ["data_agent", "code_agent"]}
{"ts": "2026-10-06T13:58:16.955382+00:00", "logger": "mas.coordinator", "level": "INFO", "event": "task_sent", "task_id": "data_agent-8241b1c7", "worker": "data_agent"}
{"ts": "2026-10-06T13:58:16.970355+00:00", "logger": "mas.coordinator", "level": "INFO", "event": "task_done", "task_id": "data_agent-8241b1c7", "worker": "data_agent", "status": "success", "seconds": 0.01}
{"ts": "2026-10-06T13:58:16.970654+00:00", "logger": "mas.coordinator", "level": "INFO", "event": "request_done", "status": "success", "seconds": 0.02, "tokens": 15, "workers": ["data_agent"]}
{"ts": "2026-10-06T13:58:16.970976+00:00", "logger": "mas.coordinator", "level": "INFO", "event": "task_sent", "task_id": "data_agent-a5a7e91e", "worker": "data_agent"}
{"ts": "2026-10-06T13:58:16.984789+00:00", "logger": "mas.coordinator", "level": "INFO", "event": "task_done", "task_id": "data_agent-a5a7e91e", "worker": "data_agent", "status": "success", "seconds": 0.01}
{"ts": "2026-10-06T13:58:16.985022+00:00", "logger": "mas.coordinator", "level": "INFO", "event": "task_sent", "task_id": "code_agent-f2eb7234", "worker": "code_agent"}
{"ts": "2026-10-06T13:58:16.998899+00:00", "logger": "mas.coordinator", "level": "INFO", "event": "task_done", "task_id": "code_agent-f2eb7234", "worker": "code_agent", "status": "success", "seconds": 0.01}
{"ts": "2026-10-06T13:58:16.999110+00:00", "logger": "mas.coordinator", "level": "INFO", "event": "request_done", "status": "success", "seconds": 0.03, "tokens": 30, "workers": ["data_agent", "code_agent"]}
{"ts": "2026-10-06T13:58:16.999368+00:00", "logger": "mas.coordinator", "level": "INFO", "event": "task_sent", "task_id": "data_agent-dd3677e5", "worker": "data_agent"}
{"ts": "2026-10-06T13:58:17.011633+00:00", "logger": "mas.coordinator", "level": "INFO", "event": "task_done", "task_id": "data_agent-dd3677e5", "worker": "data_agent", "status": "success", "seconds": 0.01}
{"ts": "2026-10-06T13:58:17.011926+00:00", "logger": "mas.coordinator", "level": "INFO", "event": "task_sent", "task_id": "code_agent-13adbede", "worker": "code_agent"}
{"ts": "2026-10-06T13:58:17.026040+00:00", "logger": "mas.coordinator", "level": "INFO", "event": "task_done", "task_id": "code_agent-13adbede", "worker": "code_agent", "status": "success", "seconds": 0.01}
{"ts": "2026-10-06T13:58:17.026446+00:00", "logger": "mas.coordinator", "level": "INFO", "event": "task_sent", "task_id": "evaluator_agent-f879cf4d", "worker": "evaluator_agent"}
{"ts": "2026-10-06T13:58:17.041115+00:00", "logger": "mas.coordinator", "level": "INFO", "event": "task_done", "task_id": "evaluator_agent-f879cf4d", "worker": "evaluator_agent", "status": "success", "seconds": 0.01}
{"ts": "2026-10-06T13:58:17.041292+00:00", "logger": "mas.coordinator", "level": "INFO", "event": "request_done", "status": "success", "seconds": 0.04, "tokens": 45, "workers": ["data_agent", "code_agent", "evaluator_agent"]}
{"ts": "2026-10-06T13:58:17.041594+00:00", "logger": "mas.coordinator", "level": "INFO", "event": "task_sent", "task_id": "data_agent-ce27fe60", "worker": "data_agent"}
{"ts": "2026-10-06T13:58:17.055942+00:00", "logger": "mas.coordinator", "level": "INFO", "event": "task_done", "task_id": "data_agent-ce27fe60", "worker": "data_agent", "status": "success", "seconds": 0.01}
{"ts": "2026-10-06T13:58:17.056109+00:00", "logger": "mas.coordinator", "level": "INFO", "event": "request_done", "status": "success", "seconds": 0.01, "tokens": 15, "workers": ["data_agent"]}
{"ts": "2026-10-06T13:58:17.056382+00:00", "logger": "mas.coordinator", "level": "INFO", "event": "task_sent", "task_id": "data_agent-632a812f", "worker": "data_agent"}
{"ts": "2026-10-06T13:58:17.070874+00:00", "logger": "mas.coordinator", "level": "INFO", "event": "task_done", "task_id": "data_agent-632a812f", "worker": "data_agent", "status": "success", "seconds": 0.01}
{"ts": "2026-10-06T13:58:17.071199+00:00", "logger": "mas.coordinator", "level": "INFO", "event": "task_sent", "task_id": "code_agent-d4598bc1", "worker": "code_agent"}
{"ts": "2026-10-06T13:58:17.085387+00:00", "logger": "mas.coordinator", "level": "INFO", "event": "task_done", "task_id": "code_agent-d4598bc1", "worker": "code_agent", "status": "success", "seconds": 0.01}
{"ts": "2026-10-06T13:58:17.085613+00:00", "logger": "mas.coordinator", "level": "INFO", "event": "request_done", "status": "success", "seconds": 0.03, "tokens": 30, "workers": ["data_agent", "code_agent"]}
{"ts": "2026-10-06T13:58:17.085961+00:00", "logger": "mas.coordinator", "level": "INFO", "event": "task_sent", "task_id": "data_agent-cc40f707", "worker": "data_agent"}
{"ts": "2026-10-06T13:58:17.099705+00:00", "logger": "mas.coordinator", "level": "INFO", "event": "task_done", "task_id": "data_agent-cc40f707", "worker": "data_agent", "status": "success", "seconds": 0.01}
{"ts": "2026-10-06T13:58:17.099887+00:00", "logger": "mas.coordinator", "level": "INFO", "event": "request_done", "status": "success", "seconds": 0.01, "tokens": 15, "workers": ["data_agent"]}
{"ts": "2026-10-06T13:58:17.100154+00:00", "logger": "mas.coordinator", "level": "INFO", "event": "task_sent", "task_id": "data_agent-1006496a", "worker": "data_agent"}
{"ts": "2026-10-06T13:58:17.114760+00:00", "logger": "mas.coordinator", "level": "INFO", "event": "task_done", "task_id": "data_agent-1006496a", "worker": "data_agent", "status": "success", "seconds": 0.01}
{"ts": "2026-10-06T13:58:17.114988+00:00", "logger": "mas.coordinator", "level": "INFO", "event": "task_sent", "task_id": "code_agent-a011ed8e", "worker": "code_agent"}
{"ts": "2026-10-06T13:58:17.128440+00:00", "logger": "mas.coordinator", "level": "INFO", "event": "task_done", "task_id": "code_agent-a011ed8e", "worker": "code_agent", "status": "success", "seconds": 0.01}
{"ts": "2026-10-06T13:58:17.128604+00:00", "logger": "mas.coordinator", "level": "INFO", "event": "request_done", "status": "success", "seconds": 0.03, "tokens": 30, "workers": ["data_agent", "code_agent"]}
{"ts": "2026-10-06T13:58:17.128916+00:00", "logger": "mas.coordinator", "level": "INFO", "event": "task_sent", "task_id": "data_agent-e879e441", "worker": "data_agent"}
{"ts": "2026-10-06T13:58:17.143153+00:00", "logger": "mas.coordinator", "level": "INFO", "event": "task_done", "task_id": "data_agent-e879e441", "worker": "data_agent", "status": "success", "seconds": 0.01}
{"ts": "2026-10-06T13:58:17.143473+00:00", "logger": "mas.coordinator", "level": "INFO", "event": "task_sent", "task_id": "code_agent-0911163a", "worker": "code_agent"}
{"ts": "2026-10-06T13:58:17.158590+00:00", "logger": "mas.coordinator", "level": "INFO", "event": "task_done", "task_id": "code_agent-0911163a", "worker": "code_agent", "status": "success", "seconds": 0.01}
{"ts": "2026-10-06T13:58:17.158861+00:00", "logger": "mas.coordinator", "level": "INFO", "event": "task_sent", "task_id": "evaluator_agent-475b8aad", "worker": "evaluator_agent"}
{"ts": "2026-10-06T13:58:17.173301+00:00", "logger": "mas.coordinator", "level": "INFO", "event": "task_done", "task_id": "evaluator_agent-475b8aad", "worker": "evaluator_agent", "status": "success", "seconds": 0.01}
{"ts": "2026-10-06T13:58:17.173502+00:00", "logger": "mas.coordinator", "level": "INFO", "event": "request_done", "status": "success", "seconds": 0.04, "tokens": 45, "workers": ["data_agent", "code_agent", "evaluator_agent"]}
{"ts": "2026-10-06T13:58:17.173827+00:00", "logger": "mas.coordinator", "level": "INFO", "event": "task_sent", "task_id": "data_agent-91acf8b8", "worker": "data_agent"}
{"ts": "2026-10-06T13:58:17.187832+00:00", "logger": "mas.coordinator", "level": "INFO", "event": "task_done", "task_id": "data_agent-91acf8b8", "worker": "data_agent", "status": "success", "seconds": 0.01}
{"ts": "2026-10-06T13:58:17.188128+00:00", "logger": "mas.coordinator", "level": "INFO", "event": "request_done", "status": "success", "seconds": 0.01, "tokens": 15, "workers": ["data_agent"]}
{"ts": "2026-10-06T13:58:17.188515+00:00", "logger": "mas.coordinator", "level": "INFO", "event": "task_sent", "task_id": "data_agent-e19b2617", "worker": "data_agent"}
{"ts": "2026-10-06T13:58:17.203651+00:00", "logger": "mas.coordinator", "level": "INFO", "event": "task_done", "task_id": "data_agent-e19b2617", "worker": "data_agent", "status": "success", "seconds": 0.01}
{"ts": "2026-10-06T13:58:17.203940+00:00", "logger": "mas.coordinator", "level": "INFO", "event": "task_sent", "task_id": "code_agent-0be6e886", "worker": "code_agent"}
{"ts": "2026-10-06T13:58:17.216540+00:00", "logger": "mas.coordinator", "level": "INFO", "event": "task_done", "task_id": "code_agent-0be6e886", "worker": "code_agent", "status": "success", "seconds": 0.01}
{"ts": "2026-10-06T13:58:17.216840+00:00", "logger": "mas.coordinator", "level": "INFO", "event": "request_done", "status": "success", "seconds": 0.03, "tokens": 30, "workers": ["data_agent", "code_agent"]}
{"ts": "2026-10-06T13:58:17.217547+00:00", "logger": "mas.coordinator", "level": "INFO", "event": "task_sent", "task_id": "data_agent-4632b609", "worker": "data_agent"}
{"ts": "2026-10-06T13:58:17.231407+00:00", "logger": "mas.coordinator", "level": "INFO", "event": "task_done", "task_id": "data_agent-4632b609", "worker": "data_agent", "status": "success", "seconds": 0.01}
{"ts": "2026-10-06T13:58:17.231668+00:00", "logger": "mas.coordinator", "level": "INFO", "event": "request_done", "status": "success", "seconds": 0.01, "tokens": 15, "workers": ["data_agent"]}
{"ts": "2026-10-06T13:58:17.232005+00:00", "logger": "mas.coordinator", "level": "INFO", "event": "task_sent", "task_id": "data_agent-325525b8", "worker": "data_agent"}
{"ts": "2026-10-06T13:58:17.246588+00:00", "logger": "mas.coordinator", "level": "INFO", "event": "task_done", "task_id": "data_agent-325525b8", "worker": "data_agent", "status": "success", "seconds": 0.01}
{"ts": "2026-10-06T13:58:17.246945+00:00", "logger": "mas.coordinator", "level": "INFO", "event": "task_sent", "task_id": "code_agent-9f3dae53", "worker": "code_agent"}
{"ts": "2026-10-06T13:58:17.260910+00:00", "logger": "mas.coordinator", "level": "INFO", "event": "task_done", "task_id": "code_agent-9f3dae53", "worker": "code_agent", "status": "success", "seconds": 0.01}
{"ts": "2026-10-06T13:58:17.261085+00:00", "logger": "mas.coordinator", "level": "INFO", "event": "request_done", "status": "success", "seconds": 0.03, "tokens": 30, "workers": ["data_agent", "code_agent"]}
{"ts": "2026-10-06T13:58:17.261346+00:00", "logger": "mas.coordinator", "level": "INFO", "event": "task_sent", "task_id": "data_agent-35ccca12", "worker": "data_agent"}
{"ts": "2026-10-06T13:58:17.274835+00:00", "logger": "mas.coordinator", "level": "INFO", "event": "task_done", "task_id": "data_agent-35ccca12", "worker": "data_agent", "status": "success", "seconds": 0.01}
{"ts": "2026-10-06T13:58:17.275086+00:00", "logger": "mas.coordinator", "level": "INFO", "event": "task_sent", "task_id": "code_agent-05cb37c9", "worker": "code_agent"}
{"ts": "2026-10-06T13:58:17.288619+00:00", "logger": "mas.coordinator", "level": "INFO", "event": "task_done", "task_id": "code_agent-05cb37c9", "worker": "code_agent", "status": "success", "seconds": 0.01}
{"ts": "2026-10-06T13:58:17.289043+00:00", "logger": "mas.coordinator", "level": "INFO", "event": "task_sent", "task_id": "evaluator_agent-c0e4aaeb", "worker": "evaluator_agent"}
{"ts": "2026-10-06T13:58:17.303583+00:00", "logger": "mas.coordinator", "level": "INFO", "event": "task_done", "task_id": "evaluator_agent-c0e4aaeb", "worker": "evaluator_agent", "status": "success", "seconds": 0.01}
{"ts": "2026-10-06T13:58:17.303779+00:00", "logger": "mas.coordinator", "level": "INFO", "event": "request_done", "status": "success", "seconds": 0.04, "tokens": 45, "workers": ["data_agent", "code_agent", "evaluator_agent"]}
{"ts": "2026-10-06T13:58:17.304056+00:00", "logger": "mas.coordinator", "level": "INFO", "event": "task_sent", "task_id": "data_agent-47826090", "worker": "data_agent"}
{"ts": "2026-10-06T13:58:17.318318+00:00", "logger": "mas.coordinator", "level": "INFO", "event": "task_done", "task_id": "data_agent-47826090", "worker": "data_agent", "status": "success", "seconds": 0.01}
{"ts": "2026-10-06T13:58:17.318483+00:00", "logger": "mas.coordinator", "level": "INFO", "event": "request_done", "status": "success", "seconds": 0.01, "tokens": 15, "workers": ["data_agent"]}
{"ts": "2026-10-06T13:58:17.318786+00:00", "logger": "mas.coordinator", "level": "INFO", "event": "task_sent", "task_id": "data_agent-49b825b6", "worker": "data_agent"}
{"ts": "2026-10-06T13:58:17.333026+00:00", "logger": "mas.coordinator", "level": "INFO", "event": "task_done", "task_id": "data_agent-49b825b6", "worker": "data_agent", "status": "success", "seconds": 0.01}
{"ts": "2026-10-06T13:58:17.333388+00:00", "logger": "mas.coordinator", "level": "INFO", "event": "task_sent", "task_id": "code_agent-93be5f5b", "worker": "code_agent"}
{"ts": "2026-10-06T13:58:17.345592+00:00", "logger": "mas.coordinator", "level": "INFO", "event": "task_done", "task_id": "code_agent-93be5f5b", "worker": "code_agent", "status": "success", "seconds": 0.01}
{"ts": "2026-10-06T13:58:17.345837+00:00", "logger": "mas.coordinator", "level": "INFO", "event": "request_done", "status": "success", "seconds": 0.03, "tokens": 30, "workers": ["data_agent", "code_agent"]}
{"ts": "2026-10-06T13:58:17.346208+00:00", "logger": "mas.coordinator", "level": "INFO", "event": "task_sent", "task_id": "data_agent-3fa2639e", "worker": "data_agent"}
{"ts": "2026-10-06T13:58:17.361325+00:00", "logger": "mas.coordinator", "level": "INFO", "event": "task_done", "task_id": "data_agent-3fa2639e", "worker": "data_agent", "status": "success", "seconds": 0.01}
{"ts": "2026-10-06T13:58:17.361550+00:00", "logger": "mas.coordinator", "level": "INFO", "event": "request_done", "status": "success", "seconds": 0.02, "tokens": 15, "workers": ["data_agent"]}
{"ts": "2026-10-06T13:58:17.361932+00:00", "logger": "mas.coordinator", "level": "INFO", "event": "task_sent", "task_id": "data_agent-9db13cf4", "worker": "data_agent"}
{"ts": "2026-10-06T13:58:17.374935+00:00", "logger": "mas.coordinator", "level": "INFO", "event": "task_done", "task_id": "data_agent-9db13cf4", "worker": "data_agent", "status": "success", "seconds": 0.01}
{"ts": "2026-10-06T13:58:17.375207+00:00", "logger": "mas.coordinator", "level": "INFO", "event": "task_sent", "task_id": "code_agent-d4e92248", "worker": "code_agent"}
{"ts": "2026-10-06T13:58:17.391919+00:00", "logger": "mas.coordinator", "level": "INFO", "event": "task_done", "task_id": "code_agent-d4e92248", "worker": "code_agent", "status": "success", "seconds": 0.01}
{"ts": "2026-10-06T13:58:17.392303+00:00", "logger": "mas.coordinator", "level": "INFO", "event": "request_done", "status": "success", "seconds": 0.03, "tokens": 30, "workers": ["data_agent", "code_agent"]}
{"ts": "2026-10-06T13:58:17.392617+00:00", "logger": "mas.coordinator", "level": "INFO", "event": "task_sent", "task_id": "data_agent-3b739a62", "worker": "data_agent"}
{"ts": "2026-10-06T13:58:17.406954+00:00", "logger": "mas.coordinator", "level": "INFO", "event": "task_done", "task_id": "data_agent-3b739a62", "worker": "data_agent", "status": "success", "seconds": 0.01}
{"ts": "2026-10-06T13:58:17.407234+00:00", "logger": "mas.coordinator", "level": "INFO", "event": "task_sent", "task_id": "code_agent-ab65e85c", "worker": "code_agent"}
{"ts": "2026-10-06T13:58:17.419648+00:00", "logger": "mas.coordinator", "level": "INFO", "event": "task_done", "task_id": "code_agent-ab65e85c", "worker": "code_agent", "status": "success", "seconds": 0.01}
{"ts": "2026-10-06T13:58:17.419935+00:00", "logger": "mas.coordinator", "level": "INFO", "event": "task_sent", "task_id": "evaluator_agent-1451c8a8", "worker": "evaluator_agent"}
{"ts": "2026-10-06T13:58:17.434150+00:00", "logger": "mas.coordinator", "level": "INFO", "event": "task_done", "task_id": "evaluator_agent-1451c8a8", "worker": "evaluator_agent", "status": "success", "seconds": 0.01}
{"ts": "2026-10-06T13:58:17.434346+00:00", "logger": "mas.coordinator", "level": "INFO", "event": "request_done", "status": "success", "seconds": 0.04, "tokens": 45, "workers": ["data_agent", "code_agent", "evaluator_agent"]}
{"ts": "2026-10-06T13:58:17.434618+00:00", "logger": "mas.coordinator", "level": "INFO", "event": "task_sent", "task_id": "data_agent-b3388150", "worker": "data_agent"}
{"ts": "2026-10-06T13:58:17.447467+00:00", "logger": "mas.coordinator", "level": "INFO", "event": "task_done", "task_id": "data_agent-b3388150", "worker": "data_agent", "status": "success", "seconds": 0.01}
{"ts": "2026-10-06T13:58:17.447704+00:00", "logger": "mas.coordinator", "level": "INFO", "event": "request_done", "status": "success", "seconds": 0.01, "tokens": 15, "workers": ["data_agent"]}
{"ts": "2026-10-06T13:58:17.448003+00:00", "logger": "mas.coordinator", "level": "INFO", "event": "task_sent", "task_id": "data_agent-33a20c46", "worker": "data_agent"}
{"ts": "2026-10-06T13:58:17.461132+00:00", "logger": "mas.coordinator", "level": "INFO", "event": "task_done", "task_id": "data_agent-33a20c46", "worker": "data_agent", "status": "success", "seconds": 0.01}
{"ts": "2026-10-06T13:58:17.461472+00:00", "logger": "mas.coordinator", "level": "INFO", "event": "task_sent", "task_id": "code_agent-9f315732", "worker": "code_agent"}
{"ts": "2026-10-06T13:58:17.475563+00:00", "logger": "mas.coordinator", "level": "INFO", "event": "task_done", "task_id": "code_agent-9f315732", "worker": "code_agent", "status": "success", "seconds": 0.01}
{"ts": "2026-10-06T13:58:17.475716+00:00", "logger": "mas.coordinator", "level": "INFO", "event": "request_done", "status": "success", "seconds": 0.03, "tokens": 30, "workers": ["data_agent", "code_agent"]}
{"ts": "2026-10-06T13:58:17.476036+00:00", "logger": "mas.coordinator", "level": "INFO", "event": "task_sent", "task_id": "data_agent-d2d451b9", "worker": "data_agent"}
{"ts": "2026-10-06T13:58:17.489705+00:00", "logger": "mas.coordinator", "level": "INFO", "event": "task_done", "task_id": "data_agent-d2d451b9", "worker": "data_agent", "status": "success", "seconds": 0.01}
{"ts": "2026-10-06T13:58:17.489850+00:00", "logger": "mas.coordinator", "level": "INFO", "event": "request_done", "status": "success", "seconds": 0.01, "tokens": 15, "workers": ["data_agent"]}
{"ts": "2026-10-06T13:58:17.490085+00:00", "logger": "mas.coordinator", "level": "INFO", "event": "task_sent", "task_id": "data_agent-1e7f920a", "worker": "data_agent"}
{"ts": "2026-10-06T13:58:17.504162+00:00", "logger": "mas.coordinator", "level": "INFO", "event": "task_done", "task_id": "data_agent-1e7f920a", "worker": "data_agent", "status": "success", "seconds": 0.01}
{"ts": "2026-10-06T13:58:17.504401+00:00", "logger": "mas.coordinator", "level": "INFO", "event": "task_sent", "task_id": "code_agent-4da8b18b", "worker": "code_agent"}
{"ts": "2026-10-06T13:58:17.516963+00:00", "logger": "mas.coordinator", "level": "INFO", "event": "task_done", "task_id": "code_agent-4da8b18b", "worker": "code_agent", "status": "success", "seconds": 0.01}
{"ts": "2026-10-06T13:58:17.517147+00:00", "logger": "mas.coordinator", "level": "INFO", "event": "request_done", "status": "success", "seconds": 0.03, "tokens": 30, "workers": ["data_agent", "code_agent"]}
{"ts": "2026-10-06T13:58:17.517458+00:00", "logger": "mas.coordinator", "level": "INFO", "event": "task_sent", "task_id": "data_agent-0d5efb33", "worker": "data_agent"}
{"ts": "2026-10-06T13:58:17.531760+00:00", "logger": "mas.coordinator", "level": "INFO", "event": "task_done", "task_id": "data_agent-0d5efb33", "worker": "data_agent", "status": "success", "seconds": 0.01}
{"ts": "2026-10-06T13:58:17.532004+00:00", "logger": "mas.coordinator", "level": "INFO", "event": "task_sent", "task_id": "code_agent-bcfef89e", "worker": "code_agent"}
{"ts": "2026-10-06T13:58:17.546095+00:00", "logger": "mas.coordinator", "level": "INFO", "event": "task_done", "task_id": "code_agent-bcfef89e", "worker": "code_agent", "status": "success", "seconds": 0.01}
{"ts": "2026-10-06T13:58:17.546459+00:00", "logger": "mas.coordinator", "level": "INFO", "event": "task_sent", "task_id": "evaluator_agent-e9085b3c", "worker": "evaluator_agent"}
{"ts": "2026-10-06T13:58:17.559400+00:00", "logger": "mas.coordinator", "level": "INFO", "event": "task_done", "task_id": "evaluator_agent-e9085b3c", "worker": "evaluator_agent", "status": "success", "seconds": 0.01}
{"ts": "2026-10-06T13:58:17.559560+00:00", "logger": "mas.coordinator", "level": "INFO", "event": "request_done", "status": "success", "seconds": 0.04, "tokens": 45, "workers": ["data_agent", "code_agent", "evaluator_agent"]}
{"ts": "2026-10-06T13:58:17.559796+00:00", "logger": "mas.coordinator", "level": "INFO", "event": "task_sent", "task_id": "data_agent-75bd7cda", "worker": "data_agent"}
{"ts": "2026-10-06T13:58:17.571844+00:00", "logger": "mas.coordinator", "level": "INFO", "event": "task_done", "task_id": "data_agent-75bd7cda", "worker": "data_agent", "status": "success", "seconds": 0.01}
{"ts": "2026-10-06T13:58:17.572033+00:00", "logger": "mas.coordinator", "level": "INFO", "event": "request_done", "status": "success", "seconds": 0.01, "tokens": 15, "workers": ["data_agent"]}
{"ts": "2026-10-06T13:58:17.572326+00:00", "logger": "mas.coordinator", "level": "INFO", "event": "task_sent", "task_id": "data_agent-7db302f5", "worker": "data_agent"}
{"ts": "2026-10-06T13:58:17.586722+00:00", "logger": "mas.coordinator", "level": "INFO", "event": "task_done", "task_id": "data_agent-7db302f5", "worker": "data_agent", "status": "success", "seconds": 0.01}
{"ts": "2026-10-06T13:58:17.587049+00:00", "logger": "mas.coordinator", "level": "INFO", "event": "task_sent", "task_id": "code_agent-0ac06660", "worker": "code_agent"}
{"ts": "2026-10-06T13:58:17.599465+00:00", "logger": "mas.coordinator", "level": "INFO", "event": "task_done", "task_id": "code_agent-0ac06660", "worker": "code_agent", "status": "success", "seconds": 0.01}
{"ts": "2026-10-06T13:58:17.599615+00:00", "logger": "mas.coordinator", "level": "INFO", "event": "request_done", "status": "success", "seconds": 0.03, "tokens": 30, "workers": ["data_agent", "code_agent"]}
{"ts": "2026-10-06T13:58:17.599856+00:00", "logger": "mas.coordinator", "level": "INFO", "event": "task_sent", "task_id": "data_agent-a7e5e160", "worker": "data_agent"}
{"ts": "2026-10-06T13:58:17.614168+00:00", "logger": "mas.coordinator", "level": "INFO", "event": "task_done", "task_id": "data_agent-a7e5e160", "worker": "data_agent", "status": "success", "seconds": 0.01}
{"ts": "2026-10-06T13:58:17.614326+00:00", "logger": "mas.coordinator", "level": "INFO", "event": "request_done", "status": "success", "seconds": 0.01, "tokens": 15, "workers": ["data_agent"]}
{"ts": "2026-10-06T13:58:17.614574+00:00", "logger": "mas.coordinator", "level": "INFO", "event": "task_sent", "task_id": "data_agent-507e453d", "worker": "data_agent"}
{"ts": "2026-10-06T13:58:17.628968+00:00", "logger": "mas.coordinator", "level": "INFO", "event": "task_done", "task_id": "data_agent-507e453d", "worker": "data_agent", "status": "success", "seconds": 0.01}
{"ts": "2026-10-06T13:58:17.629203+00:00", "logger": "mas.coordinator", "level": "INFO", "event": "task_sent", "task_id": "code_agent-9404b2ac", "worker": "code_agent"}
{"ts": "2026-10-06T13:58:17.643239+00:00", "logger": "mas.coordinator", "level": "INFO", "event": "task_done", "task_id": "code_agent-9404b2ac", "worker": "code_agent", "status": "success", "seconds": 0.01}
{"ts": "2026-10-06T13:58:17.643453+00:00", "logger": "mas.coordinator", "level": "INFO", "event": "request_done", "status": "success", "seconds": 0.03, "tokens": 30, "workers": ["data_agent", "code_agent"]}
{"ts": "2026-10-06T13:58:17.643777+00:00", "logger": "mas.coordinator", "level": "INFO", "event": "task_sent", "task_id": "data_agent-5691ff55", "worker": "data_agent"}
{"ts": "2026-10-06T13:58:17.658486+00:00", "logger": "mas.coordinator", "level": "INFO", "event": "task_done", "task_id": "data_agent-5691ff55", "worker": "data_agent", "status": "success", "seconds": 0.01}
{"ts": "2026-10-06T13:58:17.659016+00:00", "logger": "mas.coordinator", "level": "INFO", "event": "task_sent", "task_id": "code_agent-6b259d6a", "worker": "code_agent"}
{"ts": "2026-10-06T13:58:17.673374+00:00", "logger": "mas.coordinator", "level": "INFO", "event": "task_done", "task_id": "code_agent-6b259d6a", "worker": "code_agent", "status": "success", "seconds": 0.01}
{"ts": "2026-10-06T13:58:17.673617+00:00", "logger": "mas.coordinator", "level": "INFO", "event": "task_sent", "task_id": "evaluator_agent-1ccf7743", "worker": "evaluator_agent"}
{"ts": "2026-10-06T13:58:17.687264+00:00", "logger": "mas.coordinator", "level": "INFO", "event": "task_done", "task_id": "evaluator_agent-1ccf7743", "worker": "evaluator_agent", "status": "success", "seconds": 0.01}
{"ts": "2026-10-06T13:58:17.687528+00:00", "logger": "mas.coordinator", "level": "INFO", "event": "request_done", "status": "success", "seconds": 0.04, "tokens": 45, "workers": ["data_agent", "code_agent", "evaluator_agent"]}
{"ts": "2026-10-06T14:45:12.054727+00:00", "logger": "mas.coordinator", "level": "INFO", "event": "parse_request", "request": "What is the total revenue in 2026?", "task_type": "data_analysis", "task_types": ["data_analysis"], "parameters": {"year": 2026}, "priority": "normal", "source": "rule"}
{"ts": "2026-10-06T14:45:12.055100+00:00", "logger": "mas.coordinator", "level": "INFO", "event": "task_sent", "task_id": "data_agent-39b1ce7a", "worker": "data_agent"}
{"ts": "2026-10-06T14:45:16.781592+00:00", "logger": "mas.coordinator", "level": "INFO", "event": "task_done", "task_id": "data_agent-39b1ce7a", "worker": "data_agent", "status": "success", "seconds": 4.73}
{"ts": "2026-10-06T14:45:16.781750+00:00", "logger": "mas.coordinator", "level": "INFO", "event": "request_done", "status": "success", "seconds": 4.73, "tokens": 1266, "workers": ["data_agent"]}
{"ts": "2026-10-06T14:45:16.782144+00:00", "logger": "mas.coordinator", "level": "INFO", "event": "task_sent", "task_id": "data_agent-d7063a2c", "worker": "data_agent"}
{"ts": "2026-10-06T14:45:19.690498+00:00", "logger": "mas.coordinator", "level": "INFO", "event": "task_done", "task_id": "data_agent-d7063a2c", "worker": "data_agent", "status": "success", "seconds": 2.91}
{"ts": "2026-10-06T14:45:19.690628+00:00", "logger": "mas.coordinator", "level": "INFO", "event": "request_done", "status": "success", "seconds": 2.91, "tokens": 1266, "workers": ["data_agent"]}
{"ts": "2026-10-06T14:45:19.690899+00:00", "logger": "mas.coordinator", "level": "INFO", "event": "task_sent", "task_id": "data_agent-01362d93", "worker": "data_agent"}
{"ts": "2026-10-06T14:45:22.490574+00:00", "logger": "mas.coordinator", "level": "INFO", "event": "task_done", "task_id": "data_agent-01362d93", "worker": "data_agent", "status": "success", "seconds": 2.8}
{"ts": "2026-10-06T14:45:22.490697+00:00", "logger": "mas.coordinator", "level": "INFO", "event": "request_done", "status": "success", "seconds": 2.8, "tokens": 1266, "workers": ["data_agent"]}
{"ts": "2026-10-06T14:45:22.491124+00:00", "logger": "mas.coordinator", "level": "INFO", "event": "parse_request", "request": "Write a Python script that reads a CSV file and prints the number of rows, then run it on a small sample CSV you create.", "task_type": "code_generation", "task_types": ["code_generation"], "parameters": {}, "priority": "normal", "source": "rule"}
{"ts": "2026-10-06T14:45:22.491374+00:00", "logger": "mas.coordinator", "level": "INFO", "event": "task_sent", "task_id": "code_agent-4dc08a24", "worker": "code_agent"}
{"ts": "2026-10-06T14:45:27.149201+00:00", "logger": "mas.coordinator", "level": "INFO", "event": "task_done", "task_id": "code_agent-4dc08a24", "worker": "code_agent", "status": "success", "seconds": 4.66}
{"ts": "2026-10-06T14:45:27.149313+00:00", "logger": "mas.coordinator", "level": "INFO", "event": "request_done", "status": "success", "seconds": 4.66, "tokens": 2192, "workers": ["code_agent"]}
{"ts": "2026-10-06T14:45:27.149555+00:00", "logger": "mas.coordinator", "level": "INFO", "event": "task_sent", "task_id": "code_agent-f3e01852", "worker": "code_agent"}
{"ts": "2026-10-06T14:45:32.556587+00:00", "logger": "mas.coordinator", "level": "INFO", "event": "task_done", "task_id": "code_agent-f3e01852", "worker": "code_agent", "status": "success", "seconds": 5.41}
{"ts": "2026-10-06T14:45:32.556689+00:00", "logger": "mas.coordinator", "level": "INFO", "event": "request_done", "status": "success", "seconds": 5.41, "tokens": 2192, "workers": ["code_agent"]}
{"ts": "2026-10-06T14:45:32.556833+00:00", "logger": "mas.coordinator", "level": "INFO", "event": "task_sent", "task_id": "code_agent-dbb78467", "worker": "code_agent"}
{"ts": "2026-10-06T14:45:37.459045+00:00", "logger": "mas.coordinator", "level": "INFO", "event": "task_done", "task_id": "code_agent-dbb78467", "worker": "code_agent", "status": "success", "seconds": 4.9}
{"ts": "2026-10-06T14:45:37.459140+00:00", "logger": "mas.coordinator", "level": "INFO", "event": "request_done", "status": "success", "seconds": 4.9, "tokens": 2193, "workers": ["code_agent"]}
{"ts": "2026-10-06T14:45:37.459723+00:00", "logger": "mas.coordinator", "level": "INFO", "event": "parse_request", "request": "Analyze Q3 2026 revenue by region, create an SVG bar chart of it and evaluate the result.", "task_type": "complex", "task_types": ["data_analysis", "code_generation", "evaluation"], "parameters": {"quarter": 3, "year": 2026}, "priority": "normal", "source": "rule"}
{"ts": "2026-10-06T14:45:37.459900+00:00", "logger": "mas.coordinator", "level": "INFO", "event": "task_sent", "task_id": "data_agent-68d513b6", "worker": "data_agent"}
{"ts": "2026-10-06T14:45:44.051743+00:00", "logger": "mas.coordinator", "level": "INFO", "event": "task_done", "task_id": "data_agent-68d513b6", "worker": "data_agent", "status": "success", "seconds": 6.59}
{"ts": "2026-10-06T14:45:44.052222+00:00", "logger": "mas.coordinator", "level": "INFO", "event": "task_sent", "task_id": "code_agent-3dccf436", "worker": "code_agent"}
{"ts": "2026-10-06T14:45:51.374658+00:00", "logger": "mas.coordinator", "level": "INFO", "event": "task_done", "task_id": "code_agent-3dccf436", "worker": "code_agent", "status": "success", "seconds": 7.32}
{"ts": "2026-10-06T14:45:51.374920+00:00", "logger": "mas.coordinator", "level": "INFO", "event": "task_sent", "task_id": "evaluator_agent-7f3dcd14", "worker": "evaluator_agent"}
{"ts": "2026-10-06T14:45:53.335567+00:00", "logger": "mas.coordinator", "level": "INFO", "event": "task_done", "task_id": "evaluator_agent-7f3dcd14", "worker": "evaluator_agent", "status": "success", "seconds": 1.96}
{"ts": "2026-10-06T14:45:53.335913+00:00", "logger": "mas.coordinator", "level": "INFO", "event": "request_done", "status": "success", "seconds": 15.88, "tokens": 6229, "workers": ["data_agent", "code_agent", "evaluator_agent"]}
{"ts": "2026-10-06T14:45:53.336349+00:00", "logger": "mas.coordinator", "level": "INFO", "event": "task_sent", "task_id": "data_agent-9eee8d12", "worker": "data_agent"}
{"ts": "2026-10-06T14:46:00.478337+00:00", "logger": "mas.coordinator", "level": "INFO", "event": "task_done", "task_id": "data_agent-9eee8d12", "worker": "data_agent", "status": "success", "seconds": 7.14}
{"ts": "2026-10-06T14:46:00.478525+00:00", "logger": "mas.coordinator", "level": "INFO", "event": "task_sent", "task_id": "code_agent-17c0d356", "worker": "code_agent"}
{"ts": "2026-10-06T14:46:07.368618+00:00", "logger": "mas.coordinator", "level": "INFO", "event": "task_done", "task_id": "code_agent-17c0d356", "worker": "code_agent", "status": "success", "seconds": 6.89}
{"ts": "2026-10-06T14:46:07.368925+00:00", "logger": "mas.coordinator", "level": "INFO", "event": "task_sent", "task_id": "evaluator_agent-ea182168", "worker": "evaluator_agent"}
{"ts": "2026-10-06T14:46:08.972766+00:00", "logger": "mas.coordinator", "level": "INFO", "event": "task_done", "task_id": "evaluator_agent-ea182168", "worker": "evaluator_agent", "status": "success", "seconds": 1.6}
{"ts": "2026-10-06T14:46:08.972985+00:00", "logger": "mas.coordinator", "level": "INFO", "event": "request_done", "status": "success", "seconds": 15.64, "tokens": 6390, "workers": ["data_agent", "code_agent", "evaluator_agent"]}
{"ts": "2026-10-06T14:46:08.973520+00:00", "logger": "mas.coordinator", "level": "INFO", "event": "task_sent", "task_id": "data_agent-0b45cc4f", "worker": "data_agent"}
{"ts": "2026-10-06T14:46:15.945446+00:00", "logger": "mas.coordinator", "level": "INFO", "event": "task_done", "task_id": "data_agent-0b45cc4f", "worker": "data_agent", "status": "success", "seconds": 6.97}
{"ts": "2026-10-06T14:46:15.945847+00:00", "logger": "mas.coordinator", "level": "INFO", "event": "task_sent", "task_id": "code_agent-7829c5f1", "worker": "code_agent"}
{"ts": "2026-10-06T14:46:24.580003+00:00", "logger": "mas.coordinator", "level": "INFO", "event": "task_done", "task_id": "code_agent-7829c5f1", "worker": "code_agent", "status": "success", "seconds": 8.63}
{"ts": "2026-10-06T14:46:24.580435+00:00", "logger": "mas.coordinator", "level": "INFO", "event": "task_sent", "task_id": "evaluator_agent-45f91166", "worker": "evaluator_agent"}
{"ts": "2026-10-06T14:46:26.684860+00:00", "logger": "mas.coordinator", "level": "INFO", "event": "task_done", "task_id": "evaluator_agent-45f91166", "worker": "evaluator_agent", "status": "success", "seconds": 2.1}
{"ts": "2026-10-06T14:46:26.684973+00:00", "logger": "mas.coordinator", "level": "INFO", "event": "request_done", "status": "success", "seconds": 17.71, "tokens": 7524, "workers": ["data_agent", "code_agent", "evaluator_agent"]}
{"ts": "2026-10-06T14:46:26.685991+00:00", "logger": "mas.coordinator", "level": "INFO", "event": "task_sent", "task_id": "data_agent-b5d48b20", "worker": "data_agent"}
{"ts": "2026-10-06T14:46:29.006638+00:00", "logger": "mas.coordinator", "level": "INFO", "event": "task_done", "task_id": "data_agent-b5d48b20", "worker": "data_agent", "status": "success", "seconds": 2.32}
{"ts": "2026-10-06T14:46:29.006748+00:00", "logger": "mas.coordinator", "level": "INFO", "event": "request_done", "status": "success", "seconds": 2.32, "tokens": 1266, "workers": ["data_agent"]}
{"ts": "2026-10-06T14:46:29.006969+00:00", "logger": "mas.coordinator", "level": "INFO", "event": "task_sent", "task_id": "data_agent-2cb588a1", "worker": "data_agent"}
{"ts": "2026-10-06T14:46:31.159795+00:00", "logger": "mas.coordinator", "level": "INFO", "event": "task_done", "task_id": "data_agent-2cb588a1", "worker": "data_agent", "status": "success", "seconds": 2.15}
{"ts": "2026-10-06T14:46:31.160011+00:00", "logger": "mas.coordinator", "level": "INFO", "event": "request_done", "status": "success", "seconds": 2.15, "tokens": 1266, "workers": ["data_agent"]}
{"ts": "2026-10-06T14:46:31.160482+00:00", "logger": "mas.coordinator", "level": "INFO", "event": "task_sent", "task_id": "data_agent-ab506e2e", "worker": "data_agent"}
{"ts": "2026-10-06T14:46:33.311128+00:00", "logger": "mas.coordinator", "level": "INFO", "event": "task_done", "task_id": "data_agent-ab506e2e", "worker": "data_agent", "status": "success", "seconds": 2.15}
{"ts": "2026-10-06T14:46:33.311374+00:00", "logger": "mas.coordinator", "level": "INFO", "event": "request_done", "status": "success", "seconds": 2.15, "tokens": 1266, "workers": ["data_agent"]}
{"ts": "2026-10-06T14:46:33.311673+00:00", "logger": "mas.coordinator", "level": "INFO", "event": "task_sent", "task_id": "code_agent-9f23d462", "worker": "code_agent"}
{"ts": "2026-10-06T14:46:37.663130+00:00", "logger": "mas.coordinator", "level": "INFO", "event": "task_done", "task_id": "code_agent-9f23d462", "worker": "code_agent", "status": "success", "seconds": 4.35}
{"ts": "2026-10-06T14:46:37.663261+00:00", "logger": "mas.coordinator", "level": "INFO", "event": "request_done", "status": "success", "seconds": 4.35, "tokens": 2193, "workers": ["code_agent"]}
{"ts": "2026-10-06T14:46:37.663502+00:00", "logger": "mas.coordinator", "level": "INFO", "event": "task_sent", "task_id": "code_agent-dbac3b35", "worker": "code_agent"}
{"ts": "2026-10-06T14:46:41.949269+00:00", "logger": "mas.coordinator", "level": "INFO", "event": "task_done", "task_id": "code_agent-dbac3b35", "worker": "code_agent", "status": "success", "seconds": 4.28}
{"ts": "2026-10-06T14:46:41.949684+00:00", "logger": "mas.coordinator", "level": "INFO", "event": "request_done", "status": "success", "seconds": 4.29, "tokens": 2192, "workers": ["code_agent"]}
{"ts": "2026-10-06T14:46:41.949987+00:00", "logger": "mas.coordinator", "level": "INFO", "event": "task_sent", "task_id": "code_agent-a43515ff", "worker": "code_agent"}
{"ts": "2026-10-06T14:46:46.639083+00:00", "logger": "mas.coordinator", "level": "INFO", "event": "task_done", "task_id": "code_agent-a43515ff", "worker": "code_agent", "status": "success", "seconds": 4.69}
{"ts": "2026-10-06T14:46:46.639190+00:00", "logger": "mas.coordinator", "level": "INFO", "event": "request_done", "status": "success", "seconds": 4.69, "tokens": 2192, "workers": ["code_agent"]}
{"ts": "2026-10-06T14:46:46.639746+00:00", "logger": "mas.coordinator", "level": "INFO", "event": "task_sent", "task_id": "data_agent-7d84e6af", "worker": "data_agent"}
{"ts": "2026-10-06T14:46:52.931206+00:00", "logger": "mas.coordinator", "level": "INFO", "event": "task_done", "task_id": "data_agent-7d84e6af", "worker": "data_agent", "status": "success", "seconds": 6.29}
{"ts": "2026-10-06T14:46:52.931663+00:00", "logger": "mas.coordinator", "level": "INFO", "event": "task_sent", "task_id": "code_agent-ca573fab", "worker": "code_agent"}
{"ts": "2026-10-06T14:47:01.369097+00:00", "logger": "mas.coordinator", "level": "INFO", "event": "task_done", "task_id": "code_agent-ca573fab", "worker": "code_agent", "status": "success", "seconds": 8.44}
{"ts": "2026-10-06T14:47:01.369459+00:00", "logger": "mas.coordinator", "level": "INFO", "event": "task_sent", "task_id": "evaluator_agent-ada0c36f", "worker": "evaluator_agent"}
{"ts": "2026-10-06T14:47:03.411245+00:00", "logger": "mas.coordinator", "level": "INFO", "event": "task_done", "task_id": "evaluator_agent-ada0c36f", "worker": "evaluator_agent", "status": "success", "seconds": 2.04}
{"ts": "2026-10-06T14:47:03.411390+00:00", "logger": "mas.coordinator", "level": "INFO", "event": "request_done", "status": "success", "seconds": 16.77, "tokens": 7597, "workers": ["data_agent", "code_agent", "evaluator_agent"]}
{"ts": "2026-10-06T14:47:03.411741+00:00", "logger": "mas.coordinator", "level": "INFO", "event": "task_sent", "task_id": "data_agent-4f37e325", "worker": "data_agent"}
{"ts": "2026-10-06T14:47:06.128928+00:00", "logger": "mas.coordinator", "level": "INFO", "event": "task_done", "task_id": "data_agent-4f37e325", "worker": "data_agent", "status": "success", "seconds": 2.72}
{"ts": "2026-10-06T14:47:06.129089+00:00", "logger": "mas.coordinator", "level": "INFO", "event": "task_sent", "task_id": "code_agent-6a269b55", "worker": "code_agent"}
{"ts": "2026-10-06T14:47:13.891441+00:00", "logger": "mas.coordinator", "level": "INFO", "event": "task_done", "task_id": "code_agent-6a269b55", "worker": "code_agent", "status": "success", "seconds": 7.76}
{"ts": "2026-10-06T14:47:13.891901+00:00", "logger": "mas.coordinator", "level": "INFO", "event": "task_sent", "task_id": "evaluator_agent-5d3c3083", "worker": "evaluator_agent"}
{"ts": "2026-10-06T14:47:15.524199+00:00", "logger": "mas.coordinator", "level": "INFO", "event": "task_done", "task_id": "evaluator_agent-5d3c3083", "worker": "evaluator_agent", "status": "success", "seconds": 1.63}
{"ts": "2026-10-06T14:47:15.524336+00:00", "logger": "mas.coordinator", "level": "INFO", "event": "request_done", "status": "success", "seconds": 12.11, "tokens": 6258, "workers": ["data_agent", "code_agent", "evaluator_agent"]}
{"ts": "2026-10-06T14:47:15.524607+00:00", "logger": "mas.coordinator", "level": "INFO", "event": "task_sent", "task_id": "data_agent-c1e8bc69", "worker": "data_agent"}
{"ts": "2026-10-06T14:47:22.739568+00:00", "logger": "mas.coordinator", "level": "INFO", "event": "task_done", "task_id": "data_agent-c1e8bc69", "worker": "data_agent", "status": "success", "seconds": 7.21}
{"ts": "2026-10-06T14:47:22.739746+00:00", "logger": "mas.coordinator", "level": "INFO", "event": "task_sent", "task_id": "code_agent-75524c95", "worker": "code_agent"}
{"ts": "2026-10-06T14:47:29.522217+00:00", "logger": "mas.coordinator", "level": "INFO", "event": "task_done", "task_id": "code_agent-75524c95", "worker": "code_agent", "status": "success", "seconds": 6.78}
{"ts": "2026-10-06T14:47:29.522467+00:00", "logger": "mas.coordinator", "level": "INFO", "event": "task_sent", "task_id": "evaluator_agent-30cde81f", "worker": "evaluator_agent"}
{"ts": "2026-10-06T14:47:31.588163+00:00", "logger": "mas.coordinator", "level": "INFO", "event": "task_done", "task_id": "evaluator_agent-30cde81f", "worker": "evaluator_agent", "status": "success", "seconds": 2.06}
{"ts": "2026-10-06T14:47:31.588321+00:00", "logger": "mas.coordinator", "level": "INFO", "event": "request_done", "status": "success", "seconds": 16.06, "tokens": 7445, "workers": ["data_agent", "code_agent", "evaluator_agent"]}
{"ts": "2026-10-06T14:47:31.588965+00:00", "logger": "mas.coordinator", "level": "INFO", "event": "task_sent", "task_id": "data_agent-533307a7", "worker": "data_agent"}
{"ts": "2026-10-06T14:47:34.431182+00:00", "logger": "mas.coordinator", "level": "INFO", "event": "task_done", "task_id": "data_agent-533307a7", "worker": "data_agent", "status": "success", "seconds": 2.84}
{"ts": "2026-10-06T14:47:34.431330+00:00", "logger": "mas.coordinator", "level": "INFO", "event": "request_done", "status": "success", "seconds": 2.84, "tokens": 1266, "workers": ["data_agent"]}
{"ts": "2026-10-06T14:47:34.431582+00:00", "logger": "mas.coordinator", "level": "INFO", "event": "task_sent", "task_id": "data_agent-53f8d5bb", "worker": "data_agent"}
{"ts": "2026-10-06T14:47:36.730440+00:00", "logger": "mas.coordinator", "level": "INFO", "event": "task_done", "task_id": "data_agent-53f8d5bb", "worker": "data_agent", "status": "success", "seconds": 2.3}
{"ts": "2026-10-06T14:47:36.730575+00:00", "logger": "mas.coordinator", "level": "INFO", "event": "request_done", "status": "success", "seconds": 2.3, "tokens": 1266, "workers": ["data_agent"]}
{"ts": "2026-10-06T14:47:36.731160+00:00", "logger": "mas.coordinator", "level": "INFO", "event": "task_sent", "task_id": "data_agent-09da1010", "worker": "data_agent"}
{"ts": "2026-10-06T14:47:38.876134+00:00", "logger": "mas.coordinator", "level": "INFO", "event": "task_done", "task_id": "data_agent-09da1010", "worker": "data_agent", "status": "success", "seconds": 2.14}
{"ts": "2026-10-06T14:47:38.876228+00:00", "logger": "mas.coordinator", "level": "INFO", "event": "request_done", "status": "success", "seconds": 2.15, "tokens": 1266, "workers": ["data_agent"]}
{"ts": "2026-10-06T14:47:38.876491+00:00", "logger": "mas.coordinator", "level": "INFO", "event": "task_sent", "task_id": "code_agent-3bdd8fc9", "worker": "code_agent"}
{"ts": "2026-10-06T14:47:43.759042+00:00", "logger": "mas.coordinator", "level": "INFO", "event": "task_done", "task_id": "code_agent-3bdd8fc9", "worker": "code_agent", "status": "success", "seconds": 4.88}
{"ts": "2026-10-06T14:47:43.759429+00:00", "logger": "mas.coordinator", "level": "INFO", "event": "request_done", "status": "success", "seconds": 4.88, "tokens": 2192, "workers": ["code_agent"]}
{"ts": "2026-10-06T14:47:43.759735+00:00", "logger": "mas.coordinator", "level": "INFO", "event": "task_sent", "task_id": "code_agent-d4942699", "worker": "code_agent"}
{"ts": "2026-10-06T14:47:48.240244+00:00", "logger": "mas.coordinator", "level": "INFO", "event": "task_done", "task_id": "code_agent-d4942699", "worker": "code_agent", "status": "success", "seconds": 4.48}
{"ts": "2026-10-06T14:47:48.240414+00:00", "logger": "mas.coordinator", "level": "INFO", "event": "request_done", "status": "success", "seconds": 4.48, "tokens": 2218, "workers": ["code_agent"]}
{"ts": "2026-10-06T14:47:48.240675+00:00", "logger": "mas.coordinator", "level": "INFO", "event": "task_sent", "task_id": "code_agent-8974281a", "worker": "code_agent"}
{"ts": "2026-10-06T14:47:52.802403+00:00", "logger": "mas.coordinator", "level": "INFO", "event": "task_done", "task_id": "code_agent-8974281a", "worker": "code_agent", "status": "success", "seconds": 4.56}
{"ts": "2026-10-06T14:47:52.802523+00:00", "logger": "mas.coordinator", "level": "INFO", "event": "request_done", "status": "success", "seconds": 4.56, "tokens": 2193, "workers": ["code_agent"]}
{"ts": "2026-10-06T14:47:52.803128+00:00", "logger": "mas.coordinator", "level": "INFO", "event": "task_sent", "task_id": "data_agent-7d139ba1", "worker": "data_agent"}
{"ts": "2026-10-06T14:47:58.721814+00:00", "logger": "mas.coordinator", "level": "INFO", "event": "task_done", "task_id": "data_agent-7d139ba1", "worker": "data_agent", "status": "success", "seconds": 5.92}
{"ts": "2026-10-06T14:47:58.722151+00:00", "logger": "mas.coordinator", "level": "INFO", "event": "task_sent", "task_id": "code_agent-512303a4", "worker": "code_agent"}
{"ts": "2026-10-06T14:48:07.201819+00:00", "logger": "mas.coordinator", "level": "INFO", "event": "task_done", "task_id": "code_agent-512303a4", "worker": "code_agent", "status": "success", "seconds": 8.48}
{"ts": "2026-10-06T14:48:07.202276+00:00", "logger": "mas.coordinator", "level": "INFO", "event": "task_sent", "task_id": "evaluator_agent-19bffa1c", "worker": "evaluator_agent"}
{"ts": "2026-10-06T14:48:09.603074+00:00", "logger": "mas.coordinator", "level": "INFO", "event": "task_done", "task_id": "evaluator_agent-19bffa1c", "worker": "evaluator_agent", "status": "success", "seconds": 2.4}
{"ts": "2026-10-06T14:48:09.603183+00:00", "logger": "mas.coordinator", "level": "INFO", "event": "request_done", "status": "success", "seconds": 16.8, "tokens": 7893, "workers": ["data_agent", "code_agent", "evaluator_agent"]}
{"ts": "2026-10-06T14:48:09.603515+00:00", "logger": "mas.coordinator", "level": "INFO", "event": "task_sent", "task_id": "data_agent-247edf8f", "worker": "data_agent"}
{"ts": "2026-10-06T14:48:15.359667+00:00", "logger": "mas.coordinator", "level": "INFO", "event": "task_done", "task_id": "data_agent-247edf8f", "worker": "data_agent", "status": "success", "seconds": 5.76}
{"ts": "2026-10-06T14:48:15.359843+00:00", "logger": "mas.coordinator", "level": "INFO", "event": "task_sent", "task_id": "code_agent-40d1d884", "worker": "code_agent"}
{"ts": "2026-10-06T14:48:28.402681+00:00", "logger": "mas.coordinator", "level": "INFO", "event": "task_done", "task_id": "code_agent-40d1d884", "worker": "code_agent", "status": "success", "seconds": 13.04}
{"ts": "2026-10-06T14:48:28.402949+00:00", "logger": "mas.coordinator", "level": "INFO", "event": "task_sent", "task_id": "evaluator_agent-fc1ccf48", "worker": "evaluator_agent"}
{"ts": "2026-10-06T14:48:30.358924+00:00", "logger": "mas.coordinator", "level": "INFO", "event": "task_done", "task_id": "evaluator_agent-fc1ccf48", "worker": "evaluator_agent", "status": "success", "seconds": 1.95}
{"ts": "2026-10-06T14:48:30.359058+00:00", "logger": "mas.coordinator", "level": "INFO", "event": "request_done", "status": "success", "seconds": 20.76, "tokens": 11485, "workers": ["data_agent", "code_agent", "evaluator_agent"]}
{"ts": "2026-10-06T14:48:30.359320+00:00", "logger": "mas.coordinator", "level": "INFO", "event": "task_sent", "task_id": "data_agent-5360e575", "worker": "data_agent"}
{"ts": "2026-10-06T14:48:36.859690+00:00", "logger": "mas.coordinator", "level": "INFO", "event": "task_done", "task_id": "data_agent-5360e575", "worker": "data_agent", "status": "success", "seconds": 6.5}
{"ts": "2026-10-06T14:48:36.859891+00:00", "logger": "mas.coordinator", "level": "INFO", "event": "task_sent", "task_id": "code_agent-3df31de1", "worker": "code_agent"}
{"ts": "2026-10-06T14:48:44.561587+00:00", "logger": "mas.coordinator", "level": "INFO", "event": "task_done", "task_id": "code_agent-3df31de1", "worker": "code_agent", "status": "success", "seconds": 7.7}
{"ts": "2026-10-06T14:48:44.562039+00:00", "logger": "mas.coordinator", "level": "INFO", "event": "task_sent", "task_id": "evaluator_agent-7376c59a", "worker": "evaluator_agent"}
{"ts": "2026-10-06T14:48:46.402683+00:00", "logger": "mas.coordinator", "level": "INFO", "event": "task_done", "task_id": "evaluator_agent-7376c59a", "worker": "evaluator_agent", "status": "success", "seconds": 1.84}
{"ts": "2026-10-06T14:48:46.402790+00:00", "logger": "mas.coordinator", "level": "INFO", "event": "request_done", "status": "success", "seconds": 16.04, "tokens": 6437, "workers": ["data_agent", "code_agent", "evaluator_agent"]}
{"ts": "2026-10-06T14:48:46.404121+00:00", "logger": "mas.coordinator", "level": "INFO", "event": "parse_request", "request": "What is the total revenue of region North in 2026?", "task_type": "data_analysis", "task_types": ["data_analysis"], "parameters": {"year": 2026, "regions": ["North"]}, "priority": "normal", "source": "rule"}
{"ts": "2026-10-06T14:48:46.404336+00:00", "logger": "mas.coordinator", "level": "INFO", "event": "parse_request", "request": "What is the total revenue of region South in 2026?", "task_type": "data_analysis", "task_types": ["data_analysis"], "parameters": {"year": 2026, "regions": ["South"]}, "priority": "normal", "source": "rule"}
{"ts": "2026-10-06T14:48:46.404498+00:00", "logger": "mas.coordinator", "level": "INFO", "event": "parse_request", "request": "What is the total revenue of region East in 2026?", "task_type": "data_analysis", "task_types": ["data_analysis"], "parameters": {"year": 2026, "regions": ["East"]}, "priority": "normal", "source": "rule"}
{"ts": "2026-10-06T14:48:46.404623+00:00", "logger": "mas.coordinator", "level": "INFO", "event": "parse_request", "request": "What is the total revenue of region West in 2026?", "task_type": "data_analysis", "task_types": ["data_analysis"], "parameters": {"year": 2026, "regions": ["West"]}, "priority": "normal", "source": "rule"}
{"ts": "2026-10-06T14:48:46.404915+00:00", "logger": "mas.coordinator", "level": "INFO", "event": "task_sent", "task_id": "data_agent-b1345e33", "worker": "data_agent"}
{"ts": "2026-10-06T14:48:46.405061+00:00", "logger": "mas.coordinator", "level": "INFO", "event": "task_sent", "task_id": "data_agent-4aee3e0e", "worker": "data_agent"}
{"ts": "2026-10-06T14:48:46.405149+00:00", "logger": "mas.coordinator", "level": "INFO", "event": "task_sent", "task_id": "data_agent-e61ef82f", "worker": "data_agent"}
{"ts": "2026-10-06T14:48:46.405213+00:00", "logger": "mas.coordinator", "level": "INFO", "event": "task_sent", "task_id": "data_agent-2ff94508", "worker": "data_agent"}
{"ts": "2026-10-06T14:48:46.405406+00:00", "logger": "mas.coordinator", "level": "INFO", "event": "task_sent", "task_id": "data_agent-159ec06c", "worker": "data_agent"}
{"ts": "2026-10-06T14:48:46.405469+00:00", "logger": "mas.coordinator", "level": "INFO", "event": "task_sent", "task_id": "data_agent-b8d0e9aa", "worker": "data_agent"}
{"ts": "2026-10-06T14:48:46.405534+00:00", "logger": "mas.coordinator", "level": "INFO", "event": "task_sent", "task_id": "data_agent-ae25ca1f", "worker": "data_agent"}
{"ts": "2026-10-06T14:48:46.405712+00:00", "logger": "mas.coordinator", "level": "INFO", "event": "task_sent", "task_id": "data_agent-2bbcba32", "worker": "data_agent"}
{"ts": "2026-10-06T14:48:46.405769+00:00", "logger": "mas.coordinator", "level": "INFO", "event": "task_sent", "task_id": "data_agent-abf65efb", "worker": "data_agent"}
{"ts": "2026-10-06T14:48:46.405818+00:00", "logger": "mas.coordinator", "level": "INFO", "event": "task_sent", "task_id": "data_agent-f0a9b57d", "worker": "data_agent"}
{"ts": "2026-10-06T14:48:48.777355+00:00", "logger": "mas.coordinator", "level": "INFO", "event": "task_done", "task_id": "data_agent-b1345e33", "worker": "data_agent", "status": "success", "seconds": 2.37}
{"ts": "2026-10-06T14:48:48.777484+00:00", "logger": "mas.coordinator", "level": "INFO", "event": "request_done", "status": "success", "seconds": 2.37, "tokens": 6600, "workers": ["data_agent"]}
{"ts": "2026-10-06T14:48:49.124390+00:00", "logger": "mas.coordinator", "level": "INFO", "event": "task_done", "task_id": "data_agent-b8d0e9aa", "worker": "data_agent", "status": "success", "seconds": 2.71}
{"ts": "2026-10-06T14:48:49.124523+00:00", "logger": "mas.coordinator", "level": "INFO", "event": "request_done", "status": "success", "seconds": 2.72, "tokens": 7300, "workers": ["data_agent"]}
{"ts": "2026-10-06T14:48:49.124767+00:00", "logger": "mas.coordinator", "level": "INFO", "event": "task_done", "task_id": "data_agent-f0a9b57d", "worker": "data_agent", "status": "success", "seconds": 2.71}
{"ts": "2026-10-06T14:48:49.124871+00:00", "logger": "mas.coordinator", "level": "INFO", "event": "request_done", "status": "success", "seconds": 2.72, "tokens": 8000, "workers": ["data_agent"]}
{"ts": "2026-10-06T14:48:49.131899+00:00", "logger": "mas.coordinator", "level": "INFO", "event": "task_done", "task_id": "data_agent-e61ef82f", "worker": "data_agent", "status": "success", "seconds": 2.72}
{"ts": "2026-10-06T14:48:49.131988+00:00", "logger": "mas.coordinator", "level": "INFO", "event": "request_done", "status": "success", "seconds": 2.73, "tokens": 8699, "workers": ["data_agent"]}
{"ts": "2026-10-06T14:48:49.152772+00:00", "logger": "mas.coordinator", "level": "INFO", "event": "task_done", "task_id": "data_agent-159ec06c", "worker": "data_agent", "status": "success", "seconds": 2.74}
{"ts": "2026-10-06T14:48:49.152872+00:00", "logger": "mas.coordinator", "level": "INFO", "event": "request_done", "status": "success", "seconds": 2.75, "tokens": 9399, "workers": ["data_agent"]}
{"ts": "2026-10-06T14:48:49.178623+00:00", "logger": "mas.coordinator", "level": "INFO", "event": "task_done", "task_id": "data_agent-2bbcba32", "worker": "data_agent", "status": "success", "seconds": 2.77}
{"ts": "2026-10-06T14:48:49.178701+00:00", "logger": "mas.coordinator", "level": "INFO", "event": "request_done", "status": "success", "seconds": 2.77, "tokens": 10099, "workers": ["data_agent"]}
{"ts": "2026-10-06T14:48:49.178835+00:00", "logger": "mas.coordinator", "level": "INFO", "event": "task_done", "task_id": "data_agent-4aee3e0e", "worker": "data_agent", "status": "success", "seconds": 2.77}
{"ts": "2026-10-06T14:48:49.178889+00:00", "logger": "mas.coordinator", "level": "INFO", "event": "request_done", "status": "success", "seconds": 2.77, "tokens": 10799, "workers": ["data_agent"]}
{"ts": "2026-10-06T14:48:49.229762+00:00", "logger": "mas.coordinator", "level": "INFO", "event": "task_done", "task_id": "data_agent-abf65efb", "worker": "data_agent", "status": "success", "seconds": 2.81}
{"ts": "2026-10-06T14:48:49.229864+00:00", "logger": "mas.coordinator", "level": "INFO", "event": "request_done", "status": "success", "seconds": 2.83, "tokens": 11499, "workers": ["data_agent"]}
{"ts": "2026-10-06T14:48:49.265009+00:00", "logger": "mas.coordinator", "level": "INFO", "event": "task_done", "task_id": "data_agent-2ff94508", "worker": "data_agent", "status": "success", "seconds": 2.86}
{"ts": "2026-10-06T14:48:49.265172+00:00", "logger": "mas.coordinator", "level": "INFO", "event": "request_done", "status": "success", "seconds": 2.86, "tokens": 12199, "workers": ["data_agent"]}
{"ts": "2026-10-06T14:48:49.291622+00:00", "logger": "mas.coordinator", "level": "INFO", "event": "task_done", "task_id": "data_agent-ae25ca1f", "worker": "data_agent", "status": "success", "seconds": 2.88}
{"ts": "2026-10-06T14:48:49.291845+00:00", "logger": "mas.coordinator", "level": "INFO", "event": "request_done", "status": "success", "seconds": 2.89, "tokens": 12899, "workers": ["data_agent"]}
{"ts": "2026-10-06T14:50:15.359222+00:00", "logger": "mas.coordinator", "level": "INFO", "event": "parse_request", "request": "What is the total revenue in 2026?", "task_type": "data_analysis", "task_types": ["data_analysis"], "parameters": {"year": 2026}, "priority": "normal", "source": "rule", "llm_tokens": {"input": 0, "output": 0, "total": 0}}
{"ts": "2026-10-06T14:50:15.359657+00:00", "logger": "mas.coordinator", "level": "INFO", "event": "task_sent", "task_id": "data_agent-65713932", "worker": "data_agent"}
{"ts": "2026-10-06T14:50:18.151038+00:00", "logger": "mas.coordinator", "level": "INFO", "event": "task_done", "task_id": "data_agent-65713932", "worker": "data_agent", "status": "success", "seconds": 2.79}
{"ts": "2026-10-06T14:50:18.151166+00:00", "logger": "mas.coordinator", "level": "INFO", "event": "request_done", "status": "success", "seconds": 2.79, "tokens": 1266, "workers": ["data_agent"]}
{"ts": "2026-10-06T14:50:18.151628+00:00", "logger": "mas.coordinator", "level": "INFO", "event": "task_sent", "task_id": "data_agent-da2177ef", "worker": "data_agent"}
{"ts": "2026-10-06T14:50:20.609711+00:00", "logger": "mas.coordinator", "level": "INFO", "event": "task_done", "task_id": "data_agent-da2177ef", "worker": "data_agent", "status": "success", "seconds": 2.46}
{"ts": "2026-10-06T14:50:20.609874+00:00", "logger": "mas.coordinator", "level": "INFO", "event": "request_done", "status": "success", "seconds": 2.46, "tokens": 1266, "workers": ["data_agent"]}
{"ts": "2026-10-06T14:50:20.610214+00:00", "logger": "mas.coordinator", "level": "INFO", "event": "task_sent", "task_id": "data_agent-225f4068", "worker": "data_agent"}
{"ts": "2026-10-06T14:50:23.097789+00:00", "logger": "mas.coordinator", "level": "INFO", "event": "task_done", "task_id": "data_agent-225f4068", "worker": "data_agent", "status": "success", "seconds": 2.49}
{"ts": "2026-10-06T14:50:23.097880+00:00", "logger": "mas.coordinator", "level": "INFO", "event": "request_done", "status": "success", "seconds": 2.49, "tokens": 1266, "workers": ["data_agent"]}
{"ts": "2026-10-06T14:50:23.098170+00:00", "logger": "mas.coordinator", "level": "INFO", "event": "parse_request", "request": "Write a Python script that reads a CSV file and prints the number of rows, then run it on a small sample CSV you create.", "task_type": "code_generation", "task_types": ["code_generation"], "parameters": {}, "priority": "normal", "source": "rule", "llm_tokens": {"input": 0, "output": 0, "total": 0}}
{"ts": "2026-10-06T14:50:23.098317+00:00", "logger": "mas.coordinator", "level": "INFO", "event": "task_sent", "task_id": "code_agent-36ed04b3", "worker": "code_agent"}
{"ts": "2026-10-06T14:50:28.989048+00:00", "logger": "mas.coordinator", "level": "INFO", "event": "task_done", "task_id": "code_agent-36ed04b3", "worker": "code_agent", "status": "success", "seconds": 5.89}
{"ts": "2026-10-06T14:50:28.989298+00:00", "logger": "mas.coordinator", "level": "INFO", "event": "request_done", "status": "success", "seconds": 5.89, "tokens": 2477, "workers": ["code_agent"]}
{"ts": "2026-10-06T14:50:28.989692+00:00", "logger": "mas.coordinator", "level": "INFO", "event": "task_sent", "task_id": "code_agent-a5c56728", "worker": "code_agent"}
{"ts": "2026-10-06T14:50:34.459389+00:00", "logger": "mas.coordinator", "level": "INFO", "event": "task_done", "task_id": "code_agent-a5c56728", "worker": "code_agent", "status": "success", "seconds": 5.47}
{"ts": "2026-10-06T14:50:34.459516+00:00", "logger": "mas.coordinator", "level": "INFO", "event": "request_done", "status": "success", "seconds": 5.47, "tokens": 2806, "workers": ["code_agent"]}
{"ts": "2026-10-06T14:50:34.459787+00:00", "logger": "mas.coordinator", "level": "INFO", "event": "task_sent", "task_id": "code_agent-8748f4a6", "worker": "code_agent"}
{"ts": "2026-10-06T14:50:39.909661+00:00", "logger": "mas.coordinator", "level": "INFO", "event": "task_done", "task_id": "code_agent-8748f4a6", "worker": "code_agent", "status": "success", "seconds": 5.45}
{"ts": "2026-10-06T14:50:39.910030+00:00", "logger": "mas.coordinator", "level": "INFO", "event": "request_done", "status": "success", "seconds": 5.45, "tokens": 2829, "workers": ["code_agent"]}
{"ts": "2026-10-06T14:50:39.910922+00:00", "logger": "mas.coordinator", "level": "INFO", "event": "parse_request", "request": "Analyze Q3 2026 revenue by region, create an SVG bar chart of it and evaluate the result.", "task_type": "complex", "task_types": ["data_analysis", "code_generation", "evaluation"], "parameters": {"quarter": 3, "year": 2026}, "priority": "normal", "source": "rule", "llm_tokens": {"input": 0, "output": 0, "total": 0}}
{"ts": "2026-10-06T14:50:39.911136+00:00", "logger": "mas.coordinator", "level": "INFO", "event": "task_sent", "task_id": "data_agent-ccae4d20", "worker": "data_agent"}
{"ts": "2026-10-06T14:50:47.203054+00:00", "logger": "mas.coordinator", "level": "INFO", "event": "task_done", "task_id": "data_agent-ccae4d20", "worker": "data_agent", "status": "success", "seconds": 7.29}
{"ts": "2026-10-06T14:50:47.203344+00:00", "logger": "mas.coordinator", "level": "INFO", "event": "task_sent", "task_id": "code_agent-508bbc80", "worker": "code_agent"}
{"ts": "2026-10-06T14:50:53.115272+00:00", "logger": "mas.coordinator", "level": "INFO", "event": "task_done", "task_id": "code_agent-508bbc80", "worker": "code_agent", "status": "success", "seconds": 5.91}
{"ts": "2026-10-06T14:50:53.115548+00:00", "logger": "mas.coordinator", "level": "INFO", "event": "task_sent", "task_id": "evaluator_agent-48e2385d", "worker": "evaluator_agent"}
{"ts": "2026-10-06T14:50:55.145870+00:00", "logger": "mas.coordinator", "level": "INFO", "event": "task_done", "task_id": "evaluator_agent-48e2385d", "worker": "evaluator_agent", "status": "success", "seconds": 2.03}
{"ts": "2026-10-06T14:50:55.146007+00:00", "logger": "mas.coordinator", "level": "INFO", "event": "request_done", "status": "success", "seconds": 15.24, "tokens": 7294, "workers": ["data_agent", "code_agent", "evaluator_agent"]}
{"ts": "2026-10-06T14:50:55.146554+00:00", "logger": "mas.coordinator", "level": "INFO", "event": "task_sent", "task_id": "data_agent-ae6e41c3", "worker": "data_agent"}
{"ts": "2026-10-06T14:51:04.629965+00:00", "logger": "mas.coordinator", "level": "INFO", "event": "task_done", "task_id": "data_agent-ae6e41c3", "worker": "data_agent", "status": "success", "seconds": 9.48}
{"ts": "2026-10-06T14:51:04.630714+00:00", "logger": "mas.coordinator", "level": "INFO", "event": "task_sent", "task_id": "code_agent-f798e7cd", "worker": "code_agent"}
{"ts": "2026-10-06T14:51:15.211788+00:00", "logger": "mas.coordinator", "level": "INFO", "event": "task_done", "task_id": "code_agent-f798e7cd", "worker": "code_agent", "status": "success", "seconds": 10.58}
{"ts": "2026-10-06T14:51:15.212025+00:00", "logger": "mas.coordinator", "level": "INFO", "event": "task_sent", "task_id": "evaluator_agent-1cf15804", "worker": "evaluator_agent"}
{"ts": "2026-10-06T14:51:17.156421+00:00", "logger": "mas.coordinator", "level": "INFO", "event": "task_done", "task_id": "evaluator_agent-1cf15804", "worker": "evaluator_agent", "status": "success", "seconds": 1.94}
{"ts": "2026-10-06T14:51:17.156630+00:00", "logger": "mas.coordinator", "level": "INFO", "event": "request_done", "status": "success", "seconds": 22.01, "tokens": 11413, "workers": ["data_agent", "code_agent", "evaluator_agent"]}
{"ts": "2026-10-06T14:51:17.157282+00:00", "logger": "mas.coordinator", "level": "INFO", "event": "task_sent", "task_id": "data_agent-357fe79f", "worker": "data_agent"}
{"ts": "2026-10-06T14:51:19.979513+00:00", "logger": "mas.coordinator", "level": "INFO", "event": "task_done", "task_id": "data_agent-357fe79f", "worker": "data_agent", "status": "success", "seconds": 2.82}
{"ts": "2026-10-06T14:51:19.979853+00:00", "logger": "mas.coordinator", "level": "INFO", "event": "task_sent", "task_id": "code_agent-62378366", "worker": "code_agent"}
{"ts": "2026-10-06T14:51:25.952628+00:00", "logger": "mas.coordinator", "level": "INFO", "event": "task_done", "task_id": "code_agent-62378366", "worker": "code_agent", "status": "success", "seconds": 5.97}
{"ts": "2026-10-06T14:51:25.952969+00:00", "logger": "mas.coordinator", "level": "INFO", "event": "task_sent", "task_id": "evaluator_agent-2ec42515", "worker": "evaluator_agent"}
{"ts": "2026-10-06T14:51:27.629453+00:00", "logger": "mas.coordinator", "level": "INFO", "event": "task_done", "task_id": "evaluator_agent-2ec42515", "worker": "evaluator_agent", "status": "success", "seconds": 1.68}
{"ts": "2026-10-06T14:51:27.629575+00:00", "logger": "mas.coordinator", "level": "INFO", "event": "request_done", "status": "success", "seconds": 10.47, "tokens": 5041, "workers": ["data_agent", "code_agent", "evaluator_agent"]}
{"ts": "2026-10-06T14:51:27.630366+00:00", "logger": "mas.coordinator", "level": "INFO", "event": "task_sent", "task_id": "data_agent-a7a6184a", "worker": "data_agent"}
{"ts": "2026-10-06T14:51:29.945197+00:00", "logger": "mas.coordinator", "level": "INFO", "event": "task_done", "task_id": "data_agent-a7a6184a", "worker": "data_agent", "status": "success", "seconds": 2.31}
{"ts": "2026-10-06T14:51:29.945283+00:00", "logger": "mas.coordinator", "level": "INFO", "event": "request_done", "status": "success", "seconds": 2.32, "tokens": 1266, "workers": ["data_agent"]}
{"ts": "2026-10-06T14:51:29.945503+00:00", "logger": "mas.coordinator", "level": "INFO", "event": "task_sent", "task_id": "data_agent-8c10dea1", "worker": "data_agent"}
{"ts": "2026-10-06T14:51:32.367959+00:00", "logger": "mas.coordinator", "level": "INFO", "event": "task_done", "task_id": "data_agent-8c10dea1", "worker": "data_agent", "status": "success", "seconds": 2.42}
{"ts": "2026-10-06T14:51:32.368064+00:00", "logger": "mas.coordinator", "level": "INFO", "event": "request_done", "status": "success", "seconds": 2.42, "tokens": 1266, "workers": ["data_agent"]}
{"ts": "2026-10-06T14:51:32.368313+00:00", "logger": "mas.coordinator", "level": "INFO", "event": "task_sent", "task_id": "data_agent-cec77696", "worker": "data_agent"}
{"ts": "2026-10-06T14:51:34.833036+00:00", "logger": "mas.coordinator", "level": "INFO", "event": "task_done", "task_id": "data_agent-cec77696", "worker": "data_agent", "status": "success", "seconds": 2.46}
{"ts": "2026-10-06T14:51:34.833179+00:00", "logger": "mas.coordinator", "level": "INFO", "event": "request_done", "status": "success", "seconds": 2.47, "tokens": 1266, "workers": ["data_agent"]}
{"ts": "2026-10-06T14:51:34.833541+00:00", "logger": "mas.coordinator", "level": "INFO", "event": "task_sent", "task_id": "code_agent-32fb4e8d", "worker": "code_agent"}
{"ts": "2026-10-06T14:51:39.200232+00:00", "logger": "mas.coordinator", "level": "INFO", "event": "task_done", "task_id": "code_agent-32fb4e8d", "worker": "code_agent", "status": "success", "seconds": 4.36}
{"ts": "2026-10-06T14:51:39.200550+00:00", "logger": "mas.coordinator", "level": "INFO", "event": "request_done", "status": "success", "seconds": 4.37, "tokens": 2275, "workers": ["code_agent"]}
{"ts": "2026-10-06T14:51:39.200994+00:00", "logger": "mas.coordinator", "level": "INFO", "event": "task_sent", "task_id": "code_agent-02b05645", "worker": "code_agent"}
{"ts": "2026-10-06T14:51:44.226142+00:00", "logger": "mas.coordinator", "level": "INFO", "event": "task_done", "task_id": "code_agent-02b05645", "worker": "code_agent", "status": "success", "seconds": 5.02}
{"ts": "2026-10-06T14:51:44.226255+00:00", "logger": "mas.coordinator", "level": "INFO", "event": "request_done", "status": "success", "seconds": 5.03, "tokens": 2459, "workers": ["code_agent"]}
{"ts": "2026-10-06T14:51:44.226501+00:00", "logger": "mas.coordinator", "level": "INFO", "event": "task_sent", "task_id": "code_agent-05927d3c", "worker": "code_agent"}
{"ts": "2026-10-06T14:51:48.930540+00:00", "logger": "mas.coordinator", "level": "INFO", "event": "task_done", "task_id": "code_agent-05927d3c", "worker": "code_agent", "status": "success", "seconds": 4.7}
{"ts": "2026-10-06T14:51:48.930747+00:00", "logger": "mas.coordinator", "level": "INFO", "event": "request_done", "status": "success", "seconds": 4.7, "tokens": 2828, "workers": ["code_agent"]}
{"ts": "2026-10-06T14:51:48.931400+00:00", "logger": "mas.coordinator", "level": "INFO", "event": "task_sent", "task_id": "data_agent-e64a91ab", "worker": "data_agent"}
{"ts": "2026-10-06T14:51:56.196428+00:00", "logger": "mas.coordinator", "level": "INFO", "event": "task_done", "task_id": "data_agent-e64a91ab", "worker": "data_agent", "status": "success", "seconds": 7.26}
{"ts": "2026-10-06T14:51:56.196795+00:00", "logger": "mas.coordinator", "level": "INFO", "event": "task_sent", "task_id": "code_agent-3500ebda", "worker": "code_agent"}
{"ts": "2026-10-06T14:52:03.390428+00:00", "logger": "mas.coordinator", "level": "INFO", "event": "task_done", "task_id": "code_agent-3500ebda", "worker": "code_agent", "status": "success", "seconds": 7.19}
{"ts": "2026-10-06T14:52:03.390646+00:00", "logger": "mas.coordinator", "level": "INFO", "event": "task_sent", "task_id": "evaluator_agent-cfe412e6", "worker": "evaluator_agent"}
{"ts": "2026-10-06T14:52:05.433304+00:00", "logger": "mas.coordinator", "level": "INFO", "event": "task_done", "task_id": "evaluator_agent-cfe412e6", "worker": "evaluator_agent", "status": "success", "seconds": 2.04}
{"ts": "2026-10-06T14:52:05.433411+00:00", "logger": "mas.coordinator", "level": "INFO", "event": "request_done", "status": "success", "seconds": 16.5, "tokens": 7603, "workers": ["data_agent", "code_agent", "evaluator_agent"]}
{"ts": "2026-10-06T14:52:05.434067+00:00", "logger": "mas.coordinator", "level": "INFO", "event": "task_sent", "task_id": "data_agent-0cf3ffae", "worker": "data_agent"}
{"ts": "2026-10-06T14:52:08.168722+00:00", "logger": "mas.coordinator", "level": "INFO", "event": "task_done", "task_id": "data_agent-0cf3ffae", "worker": "data_agent", "status": "success", "seconds": 2.73}
{"ts": "2026-10-06T14:52:08.169027+00:00", "logger": "mas.coordinator", "level": "INFO", "event": "task_sent", "task_id": "code_agent-b52bf8e1", "worker": "code_agent"}
{"ts": "2026-10-06T14:52:15.384627+00:00", "logger": "mas.coordinator", "level": "INFO", "event": "task_done", "task_id": "code_agent-b52bf8e1", "worker": "code_agent", "status": "success", "seconds": 7.21}
{"ts": "2026-10-06T14:52:15.385044+00:00", "logger": "mas.coordinator", "level": "INFO", "event": "task_sent", "task_id": "evaluator_agent-cde94c67", "worker": "evaluator_agent"}
{"ts": "2026-10-06T14:52:16.973109+00:00", "logger": "mas.coordinator", "level": "INFO", "event": "task_done", "task_id": "evaluator_agent-cde94c67", "worker": "evaluator_agent", "status": "success", "seconds": 1.59}
{"ts": "2026-10-06T14:52:16.973300+00:00", "logger": "mas.coordinator", "level": "INFO", "event": "request_done", "status": "success", "seconds": 11.54, "tokens": 5244, "workers": ["data_agent", "code_agent", "evaluator_agent"]}
{"ts": "2026-10-06T14:52:16.974524+00:00", "logger": "mas.coordinator", "level": "INFO", "event": "task_sent", "task_id": "data_agent-dd0425a6", "worker": "data_agent"}
{"ts": "2026-10-06T14:52:22.587284+00:00", "logger": "mas.coordinator", "level": "INFO", "event": "task_done", "task_id": "data_agent-dd0425a6", "worker": "data_agent", "status": "success", "seconds": 5.61}
{"ts": "2026-10-06T14:52:22.587526+00:00", "logger": "mas.coordinator", "level": "INFO", "event": "task_sent", "task_id": "code_agent-a71fa01a", "worker": "code_agent"}
{"ts": "2026-10-06T14:52:34.763371+00:00", "logger": "mas.coordinator", "level": "INFO", "event": "task_done", "task_id": "code_agent-a71fa01a", "worker": "code_agent", "status": "success", "seconds": 12.17}
{"ts": "2026-10-06T14:52:34.763657+00:00", "logger": "mas.coordinator", "level": "INFO", "event": "task_sent", "task_id": "evaluator_agent-2fd9e260", "worker": "evaluator_agent"}
{"ts": "2026-10-06T14:52:36.463051+00:00", "logger": "mas.coordinator", "level": "INFO", "event": "task_done", "task_id": "evaluator_agent-2fd9e260", "worker": "evaluator_agent", "status": "success", "seconds": 1.7}
{"ts": "2026-10-06T14:52:36.463157+00:00", "logger": "mas.coordinator", "level": "INFO", "event": "request_done", "status": "success", "seconds": 19.49, "tokens": 8800, "workers": ["data_agent", "code_agent", "evaluator_agent"]}
{"ts": "2026-10-06T14:52:36.464150+00:00", "logger": "mas.coordinator", "level": "INFO", "event": "task_sent", "task_id": "data_agent-778b93f6", "worker": "data_agent"}
{"ts": "2026-10-06T14:52:38.937338+00:00", "logger": "mas.coordinator", "level": "INFO", "event": "task_done", "task_id": "data_agent-778b93f6", "worker": "data_agent", "status": "success", "seconds": 2.47}
{"ts": "2026-10-06T14:52:38.937443+00:00", "logger": "mas.coordinator", "level": "INFO", "event": "request_done", "status": "success", "seconds": 2.47, "tokens": 1266, "workers": ["data_agent"]}
{"ts": "2026-10-06T14:52:38.937676+00:00", "logger": "mas.coordinator", "level": "INFO", "event": "task_sent", "task_id": "data_agent-6f701099", "worker": "data_agent"}
{"ts": "2026-10-06T14:52:41.190312+00:00", "logger": "mas.coordinator", "level": "INFO", "event": "task_done", "task_id": "data_agent-6f701099", "worker": "data_agent", "status": "success", "seconds": 2.25}
{"ts": "2026-10-06T14:52:41.190570+00:00", "logger": "mas.coordinator", "level": "INFO", "event": "request_done", "status": "success", "seconds": 2.25, "tokens": 1266, "workers": ["data_agent"]}
{"ts": "2026-10-06T14:52:41.190897+00:00", "logger": "mas.coordinator", "level": "INFO", "event": "task_sent", "task_id": "data_agent-78d7b6e9", "worker": "data_agent"}
{"ts": "2026-10-06T14:52:43.588052+00:00", "logger": "mas.coordinator", "level": "INFO", "event": "task_done", "task_id": "data_agent-78d7b6e9", "worker": "data_agent", "status": "success", "seconds": 2.4}
{"ts": "2026-10-06T14:52:43.588186+00:00", "logger": "mas.coordinator", "level": "INFO", "event": "request_done", "status": "success", "seconds": 2.4, "tokens": 1266, "workers": ["data_agent"]}
{"ts": "2026-10-06T14:52:43.588595+00:00", "logger": "mas.coordinator", "level": "INFO", "event": "task_sent", "task_id": "code_agent-0edf8211", "worker": "code_agent"}
{"ts": "2026-10-06T14:52:48.060081+00:00", "logger": "mas.coordinator", "level": "INFO", "event": "task_done", "task_id": "code_agent-0edf8211", "worker": "code_agent", "status": "success", "seconds": 4.47}
{"ts": "2026-10-06T14:52:48.060269+00:00", "logger": "mas.coordinator", "level": "INFO", "event": "request_done", "status": "success", "seconds": 4.47, "tokens": 2248, "workers": ["code_agent"]}
{"ts": "2026-10-06T14:52:48.060688+00:00", "logger": "mas.coordinator", "level": "INFO", "event": "task_sent", "task_id": "code_agent-ad9d26aa", "worker": "code_agent"}
{"ts": "2026-10-06T14:52:52.616352+00:00", "logger": "mas.coordinator", "level": "INFO", "event": "task_done", "task_id": "code_agent-ad9d26aa", "worker": "code_agent", "status": "success", "seconds": 4.55}
{"ts": "2026-10-06T14:52:52.616447+00:00", "logger": "mas.coordinator", "level": "INFO", "event": "request_done", "status": "success", "seconds": 4.56, "tokens": 2801, "workers": ["code_agent"]}
{"ts": "2026-10-06T14:52:52.616651+00:00", "logger": "mas.coordinator", "level": "INFO", "event": "task_sent", "task_id": "code_agent-80fb5e5f", "worker": "code_agent"}
{"ts": "2026-10-06T14:52:57.292754+00:00", "logger": "mas.coordinator", "level": "INFO", "event": "task_done", "task_id": "code_agent-80fb5e5f", "worker": "code_agent", "status": "success", "seconds": 4.68}
{"ts": "2026-10-06T14:52:57.292922+00:00", "logger": "mas.coordinator", "level": "INFO", "event": "request_done", "status": "success", "seconds": 4.68, "tokens": 2826, "workers": ["code_agent"]}
{"ts": "2026-10-06T14:52:57.293447+00:00", "logger": "mas.coordinator", "level": "INFO", "event": "task_sent", "task_id": "data_agent-a033484d", "worker": "data_agent"}
{"ts": "2026-10-06T14:53:03.572291+00:00", "logger": "mas.coordinator", "level": "INFO", "event": "task_done", "task_id": "data_agent-a033484d", "worker": "data_agent", "status": "success", "seconds": 6.28}
{"ts": "2026-10-06T14:53:03.572703+00:00", "logger": "mas.coordinator", "level": "INFO", "event": "task_sent", "task_id": "code_agent-f0267061", "worker": "code_agent"}
{"ts": "2026-10-06T14:53:10.691353+00:00", "logger": "mas.coordinator", "level": "INFO", "event": "task_done", "task_id": "code_agent-f0267061", "worker": "code_agent", "status": "success", "seconds": 7.12}
{"ts": "2026-10-06T14:53:10.691562+00:00", "logger": "mas.coordinator", "level": "INFO", "event": "task_sent", "task_id": "evaluator_agent-50b44e61", "worker": "evaluator_agent"}
{"ts": "2026-10-06T14:53:12.340319+00:00", "logger": "mas.coordinator", "level": "INFO", "event": "task_done", "task_id": "evaluator_agent-50b44e61", "worker": "evaluator_agent", "status": "success", "seconds": 1.65}
{"ts": "2026-10-06T14:53:12.340396+00:00", "logger": "mas.coordinator", "level": "INFO", "event": "request_done", "status": "success", "seconds": 15.05, "tokens": 7365, "workers": ["data_agent", "code_agent", "evaluator_agent"]}
{"ts": "2026-10-06T14:53:12.340926+00:00", "logger": "mas.coordinator", "level": "INFO", "event": "task_sent", "task_id": "data_agent-7fc6aa8b", "worker": "data_agent"}
{"ts": "2026-10-06T14:53:19.249952+00:00", "logger": "mas.coordinator", "level": "INFO", "event": "task_done", "task_id": "data_agent-7fc6aa8b", "worker": "data_agent", "status": "success", "seconds": 6.91}
{"ts": "2026-10-06T14:53:19.250204+00:00", "logger": "mas.coordinator", "level": "INFO", "event": "task_sent", "task_id": "code_agent-c382e057", "worker": "code_agent"}
{"ts": "2026-10-06T14:53:27.397759+00:00", "logger": "mas.coordinator", "level": "INFO", "event": "task_done", "task_id": "code_agent-c382e057", "worker": "code_agent", "status": "success", "seconds": 8.15}
{"ts": "2026-10-06T14:53:27.398120+00:00", "logger": "mas.coordinator", "level": "INFO", "event": "task_sent", "task_id": "evaluator_agent-9206e037", "worker": "evaluator_agent"}
{"ts": "2026-10-06T14:53:29.579239+00:00", "logger": "mas.coordinator", "level": "INFO", "event": "task_done", "task_id": "evaluator_agent-9206e037", "worker": "evaluator_agent", "status": "success", "seconds": 2.18}
{"ts": "2026-10-06T14:53:29.579330+00:00", "logger": "mas.coordinator", "level": "INFO", "event": "request_done", "status": "success", "seconds": 17.24, "tokens": 7497, "workers": ["data_agent", "code_agent", "evaluator_agent"]}
{"ts": "2026-10-06T14:53:29.580372+00:00", "logger": "mas.coordinator", "level": "INFO", "event": "task_sent", "task_id": "data_agent-5dc09639", "worker": "data_agent"}
{"ts": "2026-10-06T14:53:37.192433+00:00", "logger": "mas.coordinator", "level": "INFO", "event": "task_done", "task_id": "data_agent-5dc09639", "worker": "data_agent", "status": "success", "seconds": 7.61}
{"ts": "2026-10-06T14:53:37.192760+00:00", "logger": "mas.coordinator", "level": "INFO", "event": "task_sent", "task_id": "code_agent-33a3b75d", "worker": "code_agent"}
{"ts": "2026-10-06T14:53:49.261818+00:00", "logger": "mas.coordinator", "level": "INFO", "event": "task_done", "task_id": "code_agent-33a3b75d", "worker": "code_agent", "status": "success", "seconds": 12.07}
{"ts": "2026-10-06T14:53:49.262307+00:00", "logger": "mas.coordinator", "level": "INFO", "event": "task_sent", "task_id": "evaluator_agent-127ec365", "worker": "evaluator_agent"}
{"ts": "2026-10-06T14:53:51.193211+00:00", "logger": "mas.coordinator", "level": "INFO", "event": "task_done", "task_id": "evaluator_agent-127ec365", "worker": "evaluator_agent", "status": "success", "seconds": 1.93}
{"ts": "2026-10-06T14:53:51.193434+00:00", "logger": "mas.coordinator", "level": "INFO", "event": "request_done", "status": "success", "seconds": 21.61, "tokens": 10132, "workers": ["data_agent", "code_agent", "evaluator_agent"]}
{"ts": "2026-10-06T14:53:51.195611+00:00", "logger": "mas.coordinator", "level": "INFO", "event": "parse_request", "request": "What is the total revenue of region North in 2026?", "task_type": "data_analysis", "task_types": ["data_analysis"], "parameters": {"year": 2026, "regions": ["North"]}, "priority": "normal", "source": "rule", "llm_tokens": {"input": 0, "output": 0, "total": 0}}
{"ts": "2026-10-06T14:53:51.195819+00:00", "logger": "mas.coordinator", "level": "INFO", "event": "parse_request", "request": "What is the total revenue of region South in 2026?", "task_type": "data_analysis", "task_types": ["data_analysis"], "parameters": {"year": 2026, "regions": ["South"]}, "priority": "normal", "source": "rule", "llm_tokens": {"input": 0, "output": 0, "total": 0}}
{"ts": "2026-10-06T14:53:51.195970+00:00", "logger": "mas.coordinator", "level": "INFO", "event": "parse_request", "request": "What is the total revenue of region East in 2026?", "task_type": "data_analysis", "task_types": ["data_analysis"], "parameters": {"year": 2026, "regions": ["East"]}, "priority": "normal", "source": "rule", "llm_tokens": {"input": 0, "output": 0, "total": 0}}
{"ts": "2026-10-06T14:53:51.196086+00:00", "logger": "mas.coordinator", "level": "INFO", "event": "parse_request", "request": "What is the total revenue of region West in 2026?", "task_type": "data_analysis", "task_types": ["data_analysis"], "parameters": {"year": 2026, "regions": ["West"]}, "priority": "normal", "source": "rule", "llm_tokens": {"input": 0, "output": 0, "total": 0}}
{"ts": "2026-10-06T14:53:51.196459+00:00", "logger": "mas.coordinator", "level": "INFO", "event": "task_sent", "task_id": "data_agent-bfcf8bb7", "worker": "data_agent"}
{"ts": "2026-10-06T14:53:51.196546+00:00", "logger": "mas.coordinator", "level": "INFO", "event": "task_sent", "task_id": "data_agent-df57610e", "worker": "data_agent"}
{"ts": "2026-10-06T14:53:51.196609+00:00", "logger": "mas.coordinator", "level": "INFO", "event": "task_sent", "task_id": "data_agent-f53c0781", "worker": "data_agent"}
{"ts": "2026-10-06T14:53:51.196663+00:00", "logger": "mas.coordinator", "level": "INFO", "event": "task_sent", "task_id": "data_agent-95688b78", "worker": "data_agent"}
{"ts": "2026-10-06T14:53:51.196717+00:00", "logger": "mas.coordinator", "level": "INFO", "event": "task_sent", "task_id": "data_agent-3ac2612d", "worker": "data_agent"}
{"ts": "2026-10-06T14:53:51.196773+00:00", "logger": "mas.coordinator", "level": "INFO", "event": "task_sent", "task_id": "data_agent-3264fc28", "worker": "data_agent"}
{"ts": "2026-10-06T14:53:51.196821+00:00", "logger": "mas.coordinator", "level": "INFO", "event": "task_sent", "task_id": "data_agent-bf5153f1", "worker": "data_agent"}
{"ts": "2026-10-06T14:53:51.196869+00:00", "logger": "mas.coordinator", "level": "INFO", "event": "task_sent", "task_id": "data_agent-c20dd9c0", "worker": "data_agent"}
{"ts": "2026-10-06T14:53:51.196916+00:00", "logger": "mas.coordinator", "level": "INFO", "event": "task_sent", "task_id": "data_agent-d9cabe37", "worker": "data_agent"}
{"ts": "2026-10-06T14:53:51.196963+00:00", "logger": "mas.coordinator", "level": "INFO", "event": "task_sent", "task_id": "data_agent-c5db56fc", "worker": "data_agent"}
{"ts": "2026-10-06T14:53:53.454003+00:00", "logger": "mas.coordinator", "level": "INFO", "event": "task_done", "task_id": "data_agent-bfcf8bb7", "worker": "data_agent", "status": "success", "seconds": 2.25}
{"ts": "2026-10-06T14:53:53.454240+00:00", "logger": "mas.coordinator", "level": "INFO", "event": "request_done", "status": "success", "seconds": 2.26, "tokens": 1290, "workers": ["data_agent"]}
{"ts": "2026-10-06T14:53:53.980886+00:00", "logger": "mas.coordinator", "level": "INFO", "event": "task_done", "task_id": "data_agent-df57610e", "worker": "data_agent", "status": "success", "seconds": 2.78}
{"ts": "2026-10-06T14:53:53.981002+00:00", "logger": "mas.coordinator", "level": "INFO", "event": "request_done", "status": "success", "seconds": 2.79, "tokens": 1290, "workers": ["data_agent"]}
{"ts": "2026-10-06T14:53:54.031062+00:00", "logger": "mas.coordinator", "level": "INFO", "event": "task_done", "task_id": "data_agent-3ac2612d", "worker": "data_agent", "status": "success", "seconds": 2.82}
{"ts": "2026-10-06T14:53:54.031161+00:00", "logger": "mas.coordinator", "level": "INFO", "event": "request_done", "status": "success", "seconds": 2.84, "tokens": 1290, "workers": ["data_agent"]}
{"ts": "2026-10-06T14:53:54.087269+00:00", "logger": "mas.coordinator", "level": "INFO", "event": "task_done", "task_id": "data_agent-f53c0781", "worker": "data_agent", "status": "success", "seconds": 2.89}
{"ts": "2026-10-06T14:53:54.087423+00:00", "logger": "mas.coordinator", "level": "INFO", "event": "request_done", "status": "success", "seconds": 2.89, "tokens": 1290, "workers": ["data_agent"]}
{"ts": "2026-10-06T14:53:54.099351+00:00", "logger": "mas.coordinator", "level": "INFO", "event": "task_done", "task_id": "data_agent-d9cabe37", "worker": "data_agent", "status": "success", "seconds": 2.88}
{"ts": "2026-10-06T14:53:54.099657+00:00", "logger": "mas.coordinator", "level": "INFO", "event": "request_done", "status": "success", "seconds": 2.9, "tokens": 1290, "workers": ["data_agent"]}
{"ts": "2026-10-06T14:53:54.118182+00:00", "logger": "mas.coordinator", "level": "INFO", "event": "task_done", "task_id": "data_agent-95688b78", "worker": "data_agent", "status": "success", "seconds": 2.92}
{"ts": "2026-10-06T14:53:54.118288+00:00", "logger": "mas.coordinator", "level": "INFO", "event": "request_done", "status": "success", "seconds": 2.92, "tokens": 1290, "workers": ["data_agent"]}
{"ts": "2026-10-06T14:53:54.138308+00:00", "logger": "mas.coordinator", "level": "INFO", "event": "task_done", "task_id": "data_agent-c5db56fc", "worker": "data_agent", "status": "success", "seconds": 2.92}
{"ts": "2026-10-06T14:53:54.138429+00:00", "logger": "mas.coordinator", "level": "INFO", "event": "request_done", "status": "success", "seconds": 2.94, "tokens": 1290, "workers": ["data_agent"]}
{"ts": "2026-10-06T14:53:54.154650+00:00", "logger": "mas.coordinator", "level": "INFO", "event": "task_done", "task_id": "data_agent-bf5153f1", "worker": "data_agent", "status": "success", "seconds": 2.94}
{"ts": "2026-10-06T14:53:54.154757+00:00", "logger": "mas.coordinator", "level": "INFO", "event": "request_done", "status": "success", "seconds": 2.96, "tokens": 1290, "workers": ["data_agent"]}
{"ts": "2026-10-06T14:53:54.221547+00:00", "logger": "mas.coordinator", "level": "INFO", "event": "task_done", "task_id": "data_agent-c20dd9c0", "worker": "data_agent", "status": "success", "seconds": 3.01}
{"ts": "2026-10-06T14:53:54.221783+00:00", "logger": "mas.coordinator", "level": "INFO", "event": "request_done", "status": "success", "seconds": 3.03, "tokens": 1290, "workers": ["data_agent"]}
{"ts": "2026-10-06T14:53:54.719389+00:00", "logger": "mas.coordinator", "level": "INFO", "event": "task_done", "task_id": "data_agent-3264fc28", "worker": "data_agent", "status": "success", "seconds": 3.51}
{"ts": "2026-10-06T14:53:54.719493+00:00", "logger": "mas.coordinator", "level": "INFO", "event": "request_done", "status": "success", "seconds": 3.52, "tokens": 1290, "workers": ["data_agent"]}
{"ts": "2026-10-06T14:54:14.655317+00:00", "logger": "mas.coordinator", "level": "INFO", "event": "task_sent", "task_id": "data_agent-43081dfe", "worker": "data_agent"}
{"ts": "2026-10-06T14:54:15.367904+00:00", "logger": "mas.coordinator", "level": "INFO", "event": "task_done", "task_id": "data_agent-43081dfe", "worker": "data_agent", "status": "error", "seconds": 0.71}
{"ts": "2026-10-06T14:54:15.368055+00:00", "logger": "mas.coordinator", "level": "INFO", "event": "retry", "attempt": 1, "max_retries": 1, "tasks": ["data_agent-43081dfe"]}
{"ts": "2026-10-06T14:54:15.368249+00:00", "logger": "mas.coordinator", "level": "INFO", "event": "task_sent", "task_id": "data_agent-43081dfe", "worker": "data_agent"}
{"ts": "2026-10-06T14:54:15.668712+00:00", "logger": "mas.coordinator", "level": "INFO", "event": "task_done", "task_id": "data_agent-43081dfe", "worker": "data_agent", "status": "error", "seconds": 0.3}
{"ts": "2026-10-06T14:54:15.668817+00:00", "logger": "mas.coordinator", "level": "INFO", "event": "fallback", "task_id": "data_agent-43081dfe", "from_worker": "data_agent", "to_worker": "data_agent_backup"}
{"ts": "2026-10-06T14:54:15.668952+00:00", "logger": "mas.coordinator", "level": "INFO", "event": "task_sent", "task_id": "data_agent-43081dfe", "worker": "data_agent_backup"}
{"ts": "2026-10-06T14:54:18.867667+00:00", "logger": "mas.coordinator", "level": "INFO", "event": "task_done", "task_id": "data_agent-43081dfe", "worker": "data_agent_backup", "status": "success", "seconds": 3.2}
{"ts": "2026-10-06T14:54:18.868305+00:00", "logger": "mas.coordinator", "level": "INFO", "event": "task_sent", "task_id": "data_agent-4f032a2d", "worker": "data_agent"}
{"ts": "2026-10-06T14:54:19.369564+00:00", "logger": "mas.coordinator", "level": "INFO", "event": "task_timeout", "task_id": "data_agent-4f032a2d", "worker": "data_agent", "timeout": 0.5}
{"ts": "2026-10-06T14:54:19.369750+00:00", "logger": "mas.coordinator", "level": "INFO", "event": "task_done", "task_id": "data_agent-4f032a2d", "worker": "data_agent", "status": "timeout", "seconds": null}
{"ts": "2026-10-06T14:54:19.369789+00:00", "logger": "mas.coordinator", "level": "INFO", "event": "retry", "attempt": 1, "max_retries": 1, "tasks": ["data_agent-4f032a2d"]}
{"ts": "2026-10-06T14:54:19.369870+00:00", "logger": "mas.coordinator", "level": "INFO", "event": "task_sent", "task_id": "data_agent-4f032a2d", "worker": "data_agent"}
{"ts": "2026-10-06T14:54:19.871115+00:00", "logger": "mas.coordinator", "level": "INFO", "event": "task_timeout", "task_id": "data_agent-4f032a2d", "worker": "data_agent", "timeout": 0.5}
{"ts": "2026-10-06T14:54:19.871499+00:00", "logger": "mas.coordinator", "level": "INFO", "event": "task_done", "task_id": "data_agent-4f032a2d", "worker": "data_agent", "status": "timeout", "seconds": null}
{"ts": "2026-10-06T14:54:33.902063+00:00", "logger": "mas.coordinator", "level": "INFO", "event": "parse_request", "request": "What is total revenue?", "task_type": "data_analysis", "task_types": ["data_analysis"], "parameters": {}, "priority": "normal", "source": "rule", "llm_tokens": {"input": 0, "output": 0, "total": 0}}
{"ts": "2026-10-06T14:54:33.902559+00:00", "logger": "mas.coordinator", "level": "INFO", "event": "task_sent", "task_id": "data_agent-242f3775", "worker": "data_agent"}
{"ts": "2026-10-06T14:54:36.032469+00:00", "logger": "mas.coordinator", "level": "INFO", "event": "task_done", "task_id": "data_agent-242f3775", "worker": "data_agent", "status": "success", "seconds": 2.13}
{"ts": "2026-10-06T14:54:36.032740+00:00", "logger": "mas.coordinator", "level": "INFO", "event": "request_done", "status": "success", "seconds": 2.13, "tokens": 1138, "workers": ["data_agent"]}
{"ts": "2026-10-06T14:54:36.033025+00:00", "logger": "mas.coordinator", "level": "INFO", "event": "parse_request", "request": "Analyze sales and create a chart", "task_type": "complex", "task_types": ["data_analysis", "code_generation"], "parameters": {}, "priority": "normal", "source": "rule", "llm_tokens": {"input": 0, "output": 0, "total": 0}}
{"ts": "2026-10-06T14:54:36.033368+00:00", "logger": "mas.coordinator", "level": "INFO", "event": "task_sent", "task_id": "data_agent-fcee0e31", "worker": "data_agent"}
{"ts": "2026-10-06T14:54:38.440014+00:00", "logger": "mas.coordinator", "level": "INFO", "event": "task_done", "task_id": "data_agent-fcee0e31", "worker": "data_agent", "status": "success", "seconds": 2.4}
{"ts": "2026-10-06T14:54:38.440337+00:00", "logger": "mas.coordinator", "level": "INFO", "event": "task_sent", "task_id": "code_agent-779e1cf0", "worker": "code_agent"}
{"ts": "2026-10-06T14:54:40.737786+00:00", "logger": "mas.coordinator", "level": "INFO", "event": "task_done", "task_id": "code_agent-779e1cf0", "worker": "code_agent", "status": "success", "seconds": 2.29}
{"ts": "2026-10-06T14:54:40.738466+00:00", "logger": "mas.coordinator", "level": "INFO", "event": "request_done", "status": "success", "seconds": 4.71, "tokens": 2624, "workers": ["data_agent", "code_agent"]}
{"ts": "2026-10-06T14:54:40.738916+00:00", "logger": "mas.coordinator", "level": "INFO", "event": "parse_request", "request": "Total revenue per region in Q3", "task_type": "data_analysis", "task_types": ["data_analysis"], "parameters": {"quarter": 3}, "priority": "normal", "source": "rule", "llm_tokens": {"input": 0, "output": 0, "total": 0}}
{"ts": "2026-10-06T14:54:40.739295+00:00", "logger": "mas.coordinator", "level": "INFO", "event": "task_sent", "task_id": "data_agent-db0c38b6", "worker": "data_agent"}
{"ts": "2026-10-06T14:54:43.219781+00:00", "logger": "mas.coordinator", "level": "INFO", "event": "task_done", "task_id": "data_agent-db0c38b6", "worker": "data_agent", "status": "success", "seconds": 2.48}
{"ts": "2026-10-06T14:54:43.219980+00:00", "logger": "mas.coordinator", "level": "INFO", "event": "request_done", "status": "success", "seconds": 2.48, "tokens": 1343, "workers": ["data_agent"]}
{"ts": "2026-10-06T14:54:43.220148+00:00", "logger": "mas.coordinator", "level": "INFO", "event": "parse_request", "request": "Write a Python script that summarises sales", "task_type": "complex", "task_types": ["data_analysis", "code_generation"], "parameters": {}, "priority": "normal", "source": "rule", "llm_tokens": {"input": 0, "output": 0, "total": 0}}
{"ts": "2026-10-06T14:54:43.220316+00:00", "logger": "mas.coordinator", "level": "INFO", "event": "task_sent", "task_id": "data_agent-c06930eb", "worker": "data_agent"}
{"ts": "2026-10-06T14:54:46.794583+00:00", "logger": "mas.coordinator", "level": "INFO", "event": "task_done", "task_id": "data_agent-c06930eb", "worker": "data_agent", "status": "success", "seconds": 3.57}
{"ts": "2026-10-06T14:54:46.794901+00:00", "logger": "mas.coordinator", "level": "INFO", "event": "task_sent", "task_id": "code_agent-c5ff3f0a", "worker": "code_agent"}
{"ts": "2026-10-06T14:54:52.341340+00:00", "logger": "mas.coordinator", "level": "INFO", "event": "task_done", "task_id": "code_agent-c5ff3f0a", "worker": "code_agent", "status": "success", "seconds": 5.54}
{"ts": "2026-10-06T14:54:52.341573+00:00", "logger": "mas.coordinator", "level": "INFO", "event": "request_done", "status": "success", "seconds": 9.12, "tokens": 3763, "workers": ["data_agent", "code_agent"]}
{"ts": "2026-10-06T14:54:52.342205+00:00", "logger": "mas.coordinator", "level": "INFO", "event": "parse_request", "request": "Analyze revenue, create a report and evaluate it", "task_type": "complex", "task_types": ["data_analysis", "code_generation", "evaluation"], "parameters": {}, "priority": "normal", "source": "rule", "llm_tokens": {"input": 0, "output": 0, "total": 0}}
{"ts": "2026-10-06T14:54:52.342782+00:00", "logger": "mas.coordinator", "level": "INFO", "event": "task_sent", "task_id": "data_agent-e5d37685", "worker": "data_agent"}
{"ts": "2026-10-06T14:54:54.331638+00:00", "logger": "mas.coordinator", "level": "INFO", "event": "task_done", "task_id": "data_agent-e5d37685", "worker": "data_agent", "status": "success", "seconds": 1.99}
{"ts": "2026-10-06T14:54:54.331986+00:00", "logger": "mas.coordinator", "level": "INFO", "event": "task_sent", "task_id": "code_agent-7e18afec", "worker": "code_agent"}
{"ts": "2026-10-06T14:55:05.393610+00:00", "logger": "mas.coordinator", "level": "INFO", "event": "task_done", "task_id": "code_agent-7e18afec", "worker": "code_agent", "status": "error", "seconds": 11.06}
{"ts": "2026-10-06T14:55:05.393921+00:00", "logger": "mas.coordinator", "level": "INFO", "event": "retry", "attempt": 1, "max_retries": 1, "tasks": ["code_agent-7e18afec"]}
{"ts": "2026-10-06T14:55:05.394123+00:00", "logger": "mas.coordinator", "level": "INFO", "event": "task_sent", "task_id": "code_agent-7e18afec", "worker": "code_agent"}
{"ts": "2026-10-06T14:55:19.091556+00:00", "logger": "mas.coordinator", "level": "INFO", "event": "task_done", "task_id": "code_agent-7e18afec", "worker": "code_agent", "status": "success", "seconds": 13.7}
{"ts": "2026-10-06T14:55:19.092091+00:00", "logger": "mas.coordinator", "level": "INFO", "event": "task_sent", "task_id": "evaluator_agent-950d0745", "worker": "evaluator_agent"}
{"ts": "2026-10-06T14:55:21.367037+00:00", "logger": "mas.coordinator", "level": "INFO", "event": "task_done", "task_id": "evaluator_agent-950d0745", "worker": "evaluator_agent", "status": "success", "seconds": 2.27}
{"ts": "2026-10-06T14:55:21.367271+00:00", "logger": "mas.coordinator", "level": "INFO", "event": "request_done", "status": "success", "seconds": 29.03, "tokens": 9196, "workers": ["data_agent", "code_agent", "evaluator_agent"]}
{"ts": "2026-10-06T15:15:02.319086+00:00", "logger": "mas.coordinator", "level": "INFO", "event": "parse_request", "request": "What is the total revenue in 2026?", "task_type": "data_analysis", "task_types": ["data_analysis"], "parameters": {"year": 2026}, "priority": "normal", "source": "rule", "llm_tokens": {"input": 0, "output": 0, "total": 0}}
{"ts": "2026-10-06T15:15:02.319412+00:00", "logger": "mas.coordinator", "level": "INFO", "event": "task_sent", "task_id": "data_agent-49226b96", "worker": "data_agent"}
{"ts": "2026-10-06T15:15:06.117092+00:00", "logger": "mas.coordinator", "level": "INFO", "event": "task_done", "task_id": "data_agent-49226b96", "worker": "data_agent", "status": "success", "seconds": 3.8}
{"ts": "2026-10-06T15:15:06.117186+00:00", "logger": "mas.coordinator", "level": "INFO", "event": "request_done", "status": "success", "seconds": 3.8, "tokens": 1304, "workers": ["data_agent"]}
{"ts": "2026-10-06T15:15:06.117404+00:00", "logger": "mas.coordinator", "level": "INFO", "event": "task_sent", "task_id": "data_agent-aeb2dcf5", "worker": "data_agent"}
{"ts": "2026-10-06T15:15:08.742088+00:00", "logger": "mas.coordinator", "level": "INFO", "event": "task_done", "task_id": "data_agent-aeb2dcf5", "worker": "data_agent", "status": "success", "seconds": 2.62}
{"ts": "2026-10-06T15:15:08.742425+00:00", "logger": "mas.coordinator", "level": "INFO", "event": "request_done", "status": "success", "seconds": 2.63, "tokens": 1304, "workers": ["data_agent"]}
{"ts": "2026-10-06T15:15:08.742948+00:00", "logger": "mas.coordinator", "level": "INFO", "event": "task_sent", "task_id": "data_agent-2cc232fc", "worker": "data_agent"}
{"ts": "2026-10-06T15:15:11.165232+00:00", "logger": "mas.coordinator", "level": "INFO", "event": "task_done", "task_id": "data_agent-2cc232fc", "worker": "data_agent", "status": "success", "seconds": 2.42}
{"ts": "2026-10-06T15:15:11.165579+00:00", "logger": "mas.coordinator", "level": "INFO", "event": "request_done", "status": "success", "seconds": 2.42, "tokens": 1304, "workers": ["data_agent"]}
{"ts": "2026-10-06T15:15:11.166184+00:00", "logger": "mas.coordinator", "level": "INFO", "event": "parse_request", "request": "Write a Python script that reads a CSV file and prints the number of rows, then run it on a small sample CSV you create.", "task_type": "code_generation", "task_types": ["code_generation"], "parameters": {}, "priority": "normal", "source": "rule", "llm_tokens": {"input": 0, "output": 0, "total": 0}}
{"ts": "2026-10-06T15:15:11.166392+00:00", "logger": "mas.coordinator", "level": "INFO", "event": "task_sent", "task_id": "code_agent-33713278", "worker": "code_agent"}
{"ts": "2026-10-06T15:15:16.785314+00:00", "logger": "mas.coordinator", "level": "INFO", "event": "task_done", "task_id": "code_agent-33713278", "worker": "code_agent", "status": "success", "seconds": 5.62}
{"ts": "2026-10-06T15:15:16.785483+00:00", "logger": "mas.coordinator", "level": "INFO", "event": "request_done", "status": "success", "seconds": 5.62, "tokens": 2818, "workers": ["code_agent"]}
{"ts": "2026-10-06T15:15:16.785844+00:00", "logger": "mas.coordinator", "level": "INFO", "event": "task_sent", "task_id": "code_agent-08ad0b8d", "worker": "code_agent"}
{"ts": "2026-10-06T15:15:21.586620+00:00", "logger": "mas.coordinator", "level": "INFO", "event": "task_done", "task_id": "code_agent-08ad0b8d", "worker": "code_agent", "status": "success", "seconds": 4.8}
{"ts": "2026-10-06T15:15:21.586948+00:00", "logger": "mas.coordinator", "level": "INFO", "event": "request_done", "status": "success", "seconds": 4.8, "tokens": 2828, "workers": ["code_agent"]}
{"ts": "2026-10-06T15:15:21.587431+00:00", "logger": "mas.coordinator", "level": "INFO", "event": "task_sent", "task_id": "code_agent-8e318a46", "worker": "code_agent"}
{"ts": "2026-10-06T15:15:26.236329+00:00", "logger": "mas.coordinator", "level": "INFO", "event": "task_done", "task_id": "code_agent-8e318a46", "worker": "code_agent", "status": "success", "seconds": 4.65}
{"ts": "2026-10-06T15:15:26.236527+00:00", "logger": "mas.coordinator", "level": "INFO", "event": "request_done", "status": "success", "seconds": 4.65, "tokens": 2248, "workers": ["code_agent"]}
{"ts": "2026-10-06T15:15:26.237436+00:00", "logger": "mas.coordinator", "level": "INFO", "event": "parse_request", "request": "Analyze Q3 2026 revenue by region, create an SVG bar chart of it and evaluate the result.", "task_type": "complex", "task_types": ["data_analysis", "code_generation", "evaluation"], "parameters": {"quarter": 3, "year": 2026}, "priority": "normal", "source": "rule", "llm_tokens": {"input": 0, "output": 0, "total": 0}}
{"ts": "2026-10-06T15:15:26.237638+00:00", "logger": "mas.coordinator", "level": "INFO", "event": "task_sent", "task_id": "data_agent-57694234", "worker": "data_agent"}
{"ts": "2026-10-06T15:15:31.701188+00:00", "logger": "mas.coordinator", "level": "INFO", "event": "task_done", "task_id": "data_agent-57694234", "worker": "data_agent", "status": "success", "seconds": 5.46}
{"ts": "2026-10-06T15:15:31.701570+00:00", "logger": "mas.coordinator", "level": "INFO", "event": "task_sent", "task_id": "code_agent-947faad1", "worker": "code_agent"}
{"ts": "2026-10-06T15:15:33.551580+00:00", "logger": "mas.coordinator", "level": "INFO", "event": "task_done", "task_id": "code_agent-947faad1", "worker": "code_agent", "status": "success", "seconds": 1.85}
{"ts": "2026-10-06T15:15:33.551756+00:00", "logger": "mas.coordinator", "level": "INFO", "event": "task_sent", "task_id": "evaluator_agent-2393abc2", "worker": "evaluator_agent"}
{"ts": "2026-10-06T15:15:35.309404+00:00", "logger": "mas.coordinator", "level": "INFO", "event": "task_done", "task_id": "evaluator_agent-2393abc2", "worker": "evaluator_agent", "status": "success", "seconds": 1.76}
{"ts": "2026-10-06T15:15:35.309525+00:00", "logger": "mas.coordinator", "level": "INFO", "event": "request_done", "status": "success", "seconds": 9.07, "tokens": 3989, "workers": ["data_agent", "code_agent", "evaluator_agent"]}
{"ts": "2026-10-06T15:15:35.310034+00:00", "logger": "mas.coordinator", "level": "INFO", "event": "task_sent", "task_id": "data_agent-2af95bc8", "worker": "data_agent"}
{"ts": "2026-10-06T15:15:37.515285+00:00", "logger": "mas.coordinator", "level": "INFO", "event": "task_done", "task_id": "data_agent-2af95bc8", "worker": "data_agent", "status": "success", "seconds": 2.2}
{"ts": "2026-10-06T15:15:37.515672+00:00", "logger": "mas.coordinator", "level": "INFO", "event": "task_sent", "task_id": "code_agent-84cfdad7", "worker": "code_agent"}
{"ts": "2026-10-06T15:15:38.841899+00:00", "logger": "mas.coordinator", "level": "INFO", "event": "task_done", "task_id": "code_agent-84cfdad7", "worker": "code_agent", "status": "success", "seconds": 1.33}
{"ts": "2026-10-06T15:15:38.842068+00:00", "logger": "mas.coordinator", "level": "INFO", "event": "task_sent", "task_id": "evaluator_agent-1b67d3a6", "worker": "evaluator_agent"}
{"ts": "2026-10-06T15:15:40.687171+00:00", "logger": "mas.coordinator", "level": "INFO", "event": "task_done", "task_id": "evaluator_agent-1b67d3a6", "worker": "evaluator_agent", "status": "success", "seconds": 1.84}
{"ts": "2026-10-06T15:15:40.687224+00:00", "logger": "mas.coordinator", "level": "INFO", "event": "request_done", "status": "success", "seconds": 5.38, "tokens": 2566, "workers": ["data_agent", "code_agent", "evaluator_agent"]}
{"ts": "2026-10-06T15:15:40.687351+00:00", "logger": "mas.coordinator", "level": "INFO", "event": "task_sent", "task_id": "data_agent-469e0306", "worker": "data_agent"}
{"ts": "2026-10-06T15:15:43.700010+00:00", "logger": "mas.coordinator", "level": "INFO", "event": "task_done", "task_id": "data_agent-469e0306", "worker": "data_agent", "status": "success", "seconds": 3.01}
{"ts": "2026-10-06T15:15:43.700158+00:00", "logger": "mas.coordinator", "level": "INFO", "event": "task_sent", "task_id": "code_agent-cea08c02", "worker": "code_agent"}
{"ts": "2026-10-06T15:15:45.000648+00:00", "logger": "mas.coordinator", "level": "INFO", "event": "task_done", "task_id": "code_agent-cea08c02", "worker": "code_agent", "status": "success", "seconds": 1.3}
{"ts": "2026-10-06T15:15:45.000879+00:00", "logger": "mas.coordinator", "level": "INFO", "event": "task_sent", "task_id": "evaluator_agent-21f71f6c", "worker": "evaluator_agent"}
{"ts": "2026-10-06T15:15:46.844270+00:00", "logger": "mas.coordinator", "level": "INFO", "event": "task_done", "task_id": "evaluator_agent-21f71f6c", "worker": "evaluator_agent", "status": "success", "seconds": 1.84}
{"ts": "2026-10-06T15:15:46.844369+00:00", "logger": "mas.coordinator", "level": "INFO", "event": "request_done", "status": "success", "seconds": 6.16, "tokens": 2593, "workers": ["data_agent", "code_agent", "evaluator_agent"]}
{"ts": "2026-10-06T15:15:46.845217+00:00", "logger": "mas.coordinator", "level": "INFO", "event": "task_sent", "task_id": "data_agent-da26a89a", "worker": "data_agent"}
{"ts": "2026-10-06T15:15:48.911858+00:00", "logger": "mas.coordinator", "level": "INFO", "event": "task_done", "task_id": "data_agent-da26a89a", "worker": "data_agent", "status": "success", "seconds": 2.07}
{"ts": "2026-10-06T15:15:48.911987+00:00", "logger": "mas.coordinator", "level": "INFO", "event": "request_done", "status": "success", "seconds": 2.07, "tokens": 1304, "workers": ["data_agent"]}
{"ts": "2026-10-06T15:15:48.912270+00:00", "logger": "mas.coordinator", "level": "INFO", "event": "task_sent", "task_id": "data_agent-cce431aa", "worker": "data_agent"}
{"ts": "2026-10-06T15:15:50.905759+00:00", "logger": "mas.coordinator", "level": "INFO", "event": "task_done", "task_id": "data_agent-cce431aa", "worker": "data_agent", "status": "success", "seconds": 1.99}
{"ts": "2026-10-06T15:15:50.905972+00:00", "logger": "mas.coordinator", "level": "INFO", "event": "request_done", "status": "success", "seconds": 1.99, "tokens": 1303, "workers": ["data_agent"]}
{"ts": "2026-10-06T15:15:50.906292+00:00", "logger": "mas.coordinator", "level": "INFO", "event": "task_sent", "task_id": "data_agent-14f29d48", "worker": "data_agent"}
{"ts": "2026-10-06T15:15:53.232725+00:00", "logger": "mas.coordinator", "level": "INFO", "event": "task_done", "task_id": "data_agent-14f29d48", "worker": "data_agent", "status": "success", "seconds": 2.33}
{"ts": "2026-10-06T15:15:53.232814+00:00", "logger": "mas.coordinator", "level": "INFO", "event": "request_done", "status": "success", "seconds": 2.33, "tokens": 1304, "workers": ["data_agent"]}
{"ts": "2026-10-06T15:15:53.233094+00:00", "logger": "mas.coordinator", "level": "INFO", "event": "task_sent", "task_id": "code_agent-fe95d0fb", "worker": "code_agent"}
{"ts": "2026-10-06T15:15:57.786069+00:00", "logger": "mas.coordinator", "level": "INFO", "event": "task_done", "task_id": "code_agent-fe95d0fb", "worker": "code_agent", "status": "success", "seconds": 4.55}
{"ts": "2026-10-06T15:15:57.786411+00:00", "logger": "mas.coordinator", "level": "INFO", "event": "request_done", "status": "success", "seconds": 4.55, "tokens": 2826, "workers": ["code_agent"]}
{"ts": "2026-10-06T15:15:57.786845+00:00", "logger": "mas.coordinator", "level": "INFO", "event": "task_sent", "task_id": "code_agent-ea29838d", "worker": "code_agent"}
{"ts": "2026-10-06T15:16:02.570921+00:00", "logger": "mas.coordinator", "level": "INFO", "event": "task_done", "task_id": "code_agent-ea29838d", "worker": "code_agent", "status": "success", "seconds": 4.78}
{"ts": "2026-10-06T15:16:02.571027+00:00", "logger": "mas.coordinator", "level": "INFO", "event": "request_done", "status": "success", "seconds": 4.78, "tokens": 2826, "workers": ["code_agent"]}
{"ts": "2026-10-06T15:16:02.571286+00:00", "logger": "mas.coordinator", "level": "INFO", "event": "task_sent", "task_id": "code_agent-620acdd5", "worker": "code_agent"}
{"ts": "2026-10-06T15:16:07.024479+00:00", "logger": "mas.coordinator", "level": "INFO", "event": "task_done", "task_id": "code_agent-620acdd5", "worker": "code_agent", "status": "success", "seconds": 4.45}
{"ts": "2026-10-06T15:16:07.024785+00:00", "logger": "mas.coordinator", "level": "INFO", "event": "request_done", "status": "success", "seconds": 4.45, "tokens": 2829, "workers": ["code_agent"]}
{"ts": "2026-10-06T15:16:07.025569+00:00", "logger": "mas.coordinator", "level": "INFO", "event": "task_sent", "task_id": "data_agent-d0554d35", "worker": "data_agent"}
{"ts": "2026-10-06T15:16:09.417404+00:00", "logger": "mas.coordinator", "level": "INFO", "event": "task_done", "task_id": "data_agent-d0554d35", "worker": "data_agent", "status": "success", "seconds": 2.39}
{"ts": "2026-10-06T15:16:09.417619+00:00", "logger": "mas.coordinator", "level": "INFO", "event": "task_sent", "task_id": "code_agent-e0ba59af", "worker": "code_agent"}
{"ts": "2026-10-06T15:16:10.692824+00:00", "logger": "mas.coordinator", "level": "INFO", "event": "task_done", "task_id": "code_agent-e0ba59af", "worker": "code_agent", "status": "success", "seconds": 1.27}
{"ts": "2026-10-06T15:16:10.693029+00:00", "logger": "mas.coordinator", "level": "INFO", "event": "task_sent", "task_id": "evaluator_agent-79e97e80", "worker": "evaluator_agent"}
{"ts": "2026-10-06T15:16:12.356537+00:00", "logger": "mas.coordinator", "level": "INFO", "event": "task_done", "task_id": "evaluator_agent-79e97e80", "worker": "evaluator_agent", "status": "success", "seconds": 1.66}
{"ts": "2026-10-06T15:16:12.356657+00:00", "logger": "mas.coordinator", "level": "INFO", "event": "request_done", "status": "success", "seconds": 5.33, "tokens": 2716, "workers": ["data_agent", "code_agent", "evaluator_agent"]}
{"ts": "2026-10-06T15:16:12.356947+00:00", "logger": "mas.coordinator", "level": "INFO", "event": "task_sent", "task_id": "data_agent-c10132bf", "worker": "data_agent"}
{"ts": "2026-10-06T15:16:14.822214+00:00", "logger": "mas.coordinator", "level": "INFO", "event": "task_done", "task_id": "data_agent-c10132bf", "worker": "data_agent", "status": "success", "seconds": 2.46}
{"ts": "2026-10-06T15:16:14.822684+00:00", "logger": "mas.coordinator", "level": "INFO", "event": "task_sent", "task_id": "code_agent-27216631", "worker": "code_agent"}
{"ts": "2026-10-06T15:16:16.008063+00:00", "logger": "mas.coordinator", "level": "INFO", "event": "task_done", "task_id": "code_agent-27216631", "worker": "code_agent", "status": "success", "seconds": 1.18}
{"ts": "2026-10-06T15:16:16.008299+00:00", "logger": "mas.coordinator", "level": "INFO", "event": "task_sent", "task_id": "evaluator_agent-64ff0d8e", "worker": "evaluator_agent"}
{"ts": "2026-10-06T15:16:18.045004+00:00", "logger": "mas.coordinator", "level": "INFO", "event": "task_done", "task_id": "evaluator_agent-64ff0d8e", "worker": "evaluator_agent", "status": "success", "seconds": 2.04}
{"ts": "2026-10-06T15:16:18.045096+00:00", "logger": "mas.coordinator", "level": "INFO", "event": "request_done", "status": "success", "seconds": 5.69, "tokens": 2591, "workers": ["data_agent", "code_agent", "evaluator_agent"]}
{"ts": "2026-10-06T15:16:18.046253+00:00", "logger": "mas.coordinator", "level": "INFO", "event": "task_sent", "task_id": "data_agent-a7a78955", "worker": "data_agent"}
{"ts": "2026-10-06T15:16:23.111257+00:00", "logger": "mas.coordinator", "level": "INFO", "event": "task_done", "task_id": "data_agent-a7a78955", "worker": "data_agent", "status": "success", "seconds": 5.06}
{"ts": "2026-10-06T15:16:23.111591+00:00", "logger": "mas.coordinator", "level": "INFO", "event": "task_sent", "task_id": "code_agent-be41ed7f", "worker": "code_agent"}
{"ts": "2026-10-06T15:16:24.429594+00:00", "logger": "mas.coordinator", "level": "INFO", "event": "task_done", "task_id": "code_agent-be41ed7f", "worker": "code_agent", "status": "success", "seconds": 1.32}
{"ts": "2026-10-06T15:16:24.429657+00:00", "logger": "mas.coordinator", "level": "INFO", "event": "task_sent", "task_id": "evaluator_agent-2bd07a1e", "worker": "evaluator_agent"}
{"ts": "2026-10-06T15:16:26.043431+00:00", "logger": "mas.coordinator", "level": "INFO", "event": "task_done", "task_id": "evaluator_agent-2bd07a1e", "worker": "evaluator_agent", "status": "success", "seconds": 1.61}
{"ts": "2026-10-06T15:16:26.043546+00:00", "logger": "mas.coordinator", "level": "INFO", "event": "request_done", "status": "success", "seconds": 8.0, "tokens": 3901, "workers": ["data_agent", "code_agent", "evaluator_agent"]}
{"ts": "2026-10-06T15:16:26.044354+00:00", "logger": "mas.coordinator", "level": "INFO", "event": "task_sent", "task_id": "data_agent-9696651e", "worker": "data_agent"}
{"ts": "2026-10-06T15:16:28.511327+00:00", "logger": "mas.coordinator", "level": "INFO", "event": "task_done", "task_id": "data_agent-9696651e", "worker": "data_agent", "status": "success", "seconds": 2.46}
{"ts": "2026-10-06T15:16:28.511546+00:00", "logger": "mas.coordinator", "level": "INFO", "event": "request_done", "status": "success", "seconds": 2.47, "tokens": 1303, "workers": ["data_agent"]}
{"ts": "2026-10-06T15:16:28.511828+00:00", "logger": "mas.coordinator", "level": "INFO", "event": "task_sent", "task_id": "data_agent-d4a86737", "worker": "data_agent"}
{"ts": "2026-10-06T15:16:30.679565+00:00", "logger": "mas.coordinator", "level": "INFO", "event": "task_done", "task_id": "data_agent-d4a86737", "worker": "data_agent", "status": "success", "seconds": 2.17}
{"ts": "2026-10-06T15:16:30.679668+00:00", "logger": "mas.coordinator", "level": "INFO", "event": "request_done", "status": "success", "seconds": 2.17, "tokens": 1304, "workers": ["data_agent"]}
{"ts": "2026-10-06T15:16:30.679895+00:00", "logger": "mas.coordinator", "level": "INFO", "event": "task_sent", "task_id": "data_agent-fca4e3bb", "worker": "data_agent"}
{"ts": "2026-10-06T15:16:33.001763+00:00", "logger": "mas.coordinator", "level": "INFO", "event": "task_done", "task_id": "data_agent-fca4e3bb", "worker": "data_agent", "status": "success", "seconds": 2.32}
{"ts": "2026-10-06T15:16:33.002209+00:00", "logger": "mas.coordinator", "level": "INFO", "event": "request_done", "status": "success", "seconds": 2.32, "tokens": 1304, "workers": ["data_agent"]}
{"ts": "2026-10-06T15:16:33.002923+00:00", "logger": "mas.coordinator", "level": "INFO", "event": "task_sent", "task_id": "code_agent-946ebd92", "worker": "code_agent"}
{"ts": "2026-10-06T15:16:37.775294+00:00", "logger": "mas.coordinator", "level": "INFO", "event": "task_done", "task_id": "code_agent-946ebd92", "worker": "code_agent", "status": "success", "seconds": 4.77}
{"ts": "2026-10-06T15:16:37.775441+00:00", "logger": "mas.coordinator", "level": "INFO", "event": "request_done", "status": "success", "seconds": 4.77, "tokens": 2829, "workers": ["code_agent"]}
{"ts": "2026-10-06T15:16:37.775816+00:00", "logger": "mas.coordinator", "level": "INFO", "event": "task_sent", "task_id": "code_agent-8e459538", "worker": "code_agent"}
{"ts": "2026-10-06T15:16:42.834874+00:00", "logger": "mas.coordinator", "level": "INFO", "event": "task_done", "task_id": "code_agent-8e459538", "worker": "code_agent", "status": "success", "seconds": 5.06}
{"ts": "2026-10-06T15:16:42.835213+00:00", "logger": "mas.coordinator", "level": "INFO", "event": "request_done", "status": "success", "seconds": 5.06, "tokens": 2828, "workers": ["code_agent"]}
{"ts": "2026-10-06T15:16:42.835490+00:00", "logger": "mas.coordinator", "level": "INFO", "event": "task_sent", "task_id": "code_agent-a62413fe", "worker": "code_agent"}
{"ts": "2026-10-06T15:16:48.224509+00:00", "logger": "mas.coordinator", "level": "INFO", "event": "task_done", "task_id": "code_agent-a62413fe", "worker": "code_agent", "status": "success", "seconds": 5.39}
{"ts": "2026-10-06T15:16:48.224629+00:00", "logger": "mas.coordinator", "level": "INFO", "event": "request_done", "status": "success", "seconds": 5.39, "tokens": 2826, "workers": ["code_agent"]}
{"ts": "2026-10-06T15:16:48.225286+00:00", "logger": "mas.coordinator", "level": "INFO", "event": "task_sent", "task_id": "data_agent-f4a44c40", "worker": "data_agent"}
{"ts": "2026-10-06T15:16:50.507184+00:00", "logger": "mas.coordinator", "level": "INFO", "event": "task_done", "task_id": "data_agent-f4a44c40", "worker": "data_agent", "status": "success", "seconds": 2.28}
{"ts": "2026-10-06T15:16:50.507594+00:00", "logger": "mas.coordinator", "level": "INFO", "event": "task_sent", "task_id": "code_agent-f787f702", "worker": "code_agent"}
{"ts": "2026-10-06T15:16:52.105301+00:00", "logger": "mas.coordinator", "level": "INFO", "event": "task_done", "task_id": "code_agent-f787f702", "worker": "code_agent", "status": "success", "seconds": 1.6}
{"ts": "2026-10-06T15:16:52.105588+00:00", "logger": "mas.coordinator", "level": "INFO", "event": "task_sent", "task_id": "evaluator_agent-abd1cf06", "worker": "evaluator_agent"}
{"ts": "2026-10-06T15:16:54.008836+00:00", "logger": "mas.coordinator", "level": "INFO", "event": "task_done", "task_id": "evaluator_agent-abd1cf06", "worker": "evaluator_agent", "status": "success", "seconds": 1.9}
{"ts": "2026-10-06T15:16:54.009006+00:00", "logger": "mas.coordinator", "level": "INFO", "event": "request_done", "status": "success", "seconds": 5.78, "tokens": 2588, "workers": ["data_agent", "code_agent", "evaluator_agent"]}
{"ts": "2026-10-06T15:16:54.009455+00:00", "logger": "mas.coordinator", "level": "INFO", "event": "task_sent", "task_id": "data_agent-5f054797", "worker": "data_agent"}
{"ts": "2026-10-06T15:16:56.348396+00:00", "logger": "mas.coordinator", "level": "INFO", "event": "task_done", "task_id": "data_agent-5f054797", "worker": "data_agent", "status": "success", "seconds": 2.34}
{"ts": "2026-10-06T15:16:56.348673+00:00", "logger": "mas.coordinator", "level": "INFO", "event": "task_sent", "task_id": "code_agent-8155520d", "worker": "code_agent"}
{"ts": "2026-10-06T15:16:57.584476+00:00", "logger": "mas.coordinator", "level": "INFO", "event": "task_done", "task_id": "code_agent-8155520d", "worker": "code_agent", "status": "success", "seconds": 1.23}
{"ts": "2026-10-06T15:16:57.584630+00:00", "logger": "mas.coordinator", "level": "INFO", "event": "task_sent", "task_id": "evaluator_agent-64497418", "worker": "evaluator_agent"}
{"ts": "2026-10-06T15:16:59.457233+00:00", "logger": "mas.coordinator", "level": "INFO", "event": "task_done", "task_id": "evaluator_agent-64497418", "worker": "evaluator_agent", "status": "success", "seconds": 1.87}
{"ts": "2026-10-06T15:16:59.457367+00:00", "logger": "mas.coordinator", "level": "INFO", "event": "request_done", "status": "success", "seconds": 5.45, "tokens": 2560, "workers": ["data_agent", "code_agent", "evaluator_agent"]}
{"ts": "2026-10-06T15:16:59.457675+00:00", "logger": "mas.coordinator", "level": "INFO", "event": "task_sent", "task_id": "data_agent-c3c5cf3f", "worker": "data_agent"}
{"ts": "2026-10-06T15:17:01.818398+00:00", "logger": "mas.coordinator", "level": "INFO", "event": "task_done", "task_id": "data_agent-c3c5cf3f", "worker": "data_agent", "status": "success", "seconds": 2.36}
{"ts": "2026-10-06T15:17:01.818599+00:00", "logger": "mas.coordinator", "level": "INFO", "event": "task_sent", "task_id": "code_agent-6119d52e", "worker": "code_agent"}
{"ts": "2026-10-06T15:17:03.226183+00:00", "logger": "mas.coordinator", "level": "INFO", "event": "task_done", "task_id": "code_agent-6119d52e", "worker": "code_agent", "status": "success", "seconds": 1.41}
{"ts": "2026-10-06T15:17:03.226456+00:00", "logger": "mas.coordinator", "level": "INFO", "event": "task_sent", "task_id": "evaluator_agent-b12dc67c", "worker": "evaluator_agent"}
{"ts": "2026-10-06T15:17:05.272708+00:00", "logger": "mas.coordinator", "level": "INFO", "event": "task_done", "task_id": "evaluator_agent-b12dc67c", "worker": "evaluator_agent", "status": "success", "seconds": 2.05}
{"ts": "2026-10-06T15:17:05.272801+00:00", "logger": "mas.coordinator", "level": "INFO", "event": "request_done", "status": "success", "seconds": 5.82, "tokens": 2569, "workers": ["data_agent", "code_agent", "evaluator_agent"]}
{"ts": "2026-10-06T15:17:05.273843+00:00", "logger": "mas.coordinator", "level": "INFO", "event": "parse_request", "request": "What is the total revenue of region North in 2026?", "task_type": "data_analysis", "task_types": ["data_analysis"], "parameters": {"year": 2026, "regions": ["North"]}, "priority": "normal", "source": "rule", "llm_tokens": {"input": 0, "output": 0, "total": 0}}
{"ts": "2026-10-06T15:17:05.274011+00:00", "logger": "mas.coordinator", "level": "INFO", "event": "parse_request", "request": "What is the total revenue of region South in 2026?", "task_type": "data_analysis", "task_types": ["data_analysis"], "parameters": {"year": 2026, "regions": ["South"]}, "priority": "normal", "source": "rule", "llm_tokens": {"input": 0, "output": 0, "total": 0}}
{"ts": "2026-10-06T15:17:05.274138+00:00", "logger": "mas.coordinator", "level": "INFO", "event": "parse_request", "request": "What is the total revenue of region East in 2026?", "task_type": "data_analysis", "task_types": ["data_analysis"], "parameters": {"year": 2026, "regions": ["East"]}, "priority": "normal", "source": "rule", "llm_tokens": {"input": 0, "output": 0, "total": 0}}
{"ts": "2026-10-06T15:17:05.274246+00:00", "logger": "mas.coordinator", "level": "INFO", "event": "parse_request", "request": "What is the total revenue of region West in 2026?", "task_type": "data_analysis", "task_types": ["data_analysis"], "parameters": {"year": 2026, "regions": ["West"]}, "priority": "normal", "source": "rule", "llm_tokens": {"input": 0, "output": 0, "total": 0}}
{"ts": "2026-10-06T15:17:05.274493+00:00", "logger": "mas.coordinator", "level": "INFO", "event": "task_sent", "task_id": "data_agent-587c4410", "worker": "data_agent"}
{"ts": "2026-10-06T15:17:05.274569+00:00", "logger": "mas.coordinator", "level": "INFO", "event": "task_sent", "task_id": "data_agent-35a97f80", "worker": "data_agent"}
{"ts": "2026-10-06T15:17:05.274762+00:00", "logger": "mas.coordinator", "level": "INFO", "event": "task_sent", "task_id": "data_agent-340de577", "worker": "data_agent"}
{"ts": "2026-10-06T15:17:05.274881+00:00", "logger": "mas.coordinator", "level": "INFO", "event": "task_sent", "task_id": "data_agent-3515566e", "worker": "data_agent"}
{"ts": "2026-10-06T15:17:05.274966+00:00", "logger": "mas.coordinator", "level": "INFO", "event": "task_sent", "task_id": "data_agent-4c2e5af3", "worker": "data_agent"}
{"ts": "2026-10-06T15:17:05.275160+00:00", "logger": "mas.coordinator", "level": "INFO", "event": "task_sent", "task_id": "data_agent-9d6e6338", "worker": "data_agent"}
{"ts": "2026-10-06T15:17:05.275226+00:00", "logger": "mas.coordinator", "level": "INFO", "event": "task_sent", "task_id": "data_agent-53846618", "worker": "data_agent"}
{"ts": "2026-10-06T15:17:05.275280+00:00", "logger": "mas.coordinator", "level": "INFO", "event": "task_sent", "task_id": "data_agent-943764e9", "worker": "data_agent"}
{"ts": "2026-10-06T15:17:05.275331+00:00", "logger": "mas.coordinator", "level": "INFO", "event": "task_sent", "task_id": "data_agent-159633b7", "worker": "data_agent"}
{"ts": "2026-10-06T15:17:05.275381+00:00", "logger": "mas.coordinator", "level": "INFO", "event": "task_sent", "task_id": "data_agent-1f86966d", "worker": "data_agent"}
{"ts": "2026-10-06T15:17:07.626978+00:00", "logger": "mas.coordinator", "level": "INFO", "event": "task_done", "task_id": "data_agent-587c4410", "worker": "data_agent", "status": "success", "seconds": 2.35}
{"ts": "2026-10-06T15:17:07.627111+00:00", "logger": "mas.coordinator", "level": "INFO", "event": "request_done", "status": "success", "seconds": 2.35, "tokens": 1327, "workers": ["data_agent"]}
{"ts": "2026-10-06T15:17:07.822705+00:00", "logger": "mas.coordinator", "level": "INFO", "event": "task_done", "task_id": "data_agent-159633b7", "worker": "data_agent", "status": "success", "seconds": 2.53}
{"ts": "2026-10-06T15:17:07.822848+00:00", "logger": "mas.coordinator", "level": "INFO", "event": "request_done", "status": "success", "seconds": 2.55, "tokens": 1326, "workers": ["data_agent"]}
{"ts": "2026-10-06T15:17:07.902201+00:00", "logger": "mas.coordinator", "level": "INFO", "event": "task_done", "task_id": "data_agent-3515566e", "worker": "data_agent", "status": "success", "seconds": 2.61}
{"ts": "2026-10-06T15:17:07.902327+00:00", "logger": "mas.coordinator", "level": "INFO", "event": "request_done", "status": "success", "seconds": 2.63, "tokens": 1326, "workers": ["data_agent"]}
{"ts": "2026-10-06T15:17:07.902598+00:00", "logger": "mas.coordinator", "level": "INFO", "event": "task_done", "task_id": "data_agent-53846618", "worker": "data_agent", "status": "success", "seconds": 2.61}
{"ts": "2026-10-06T15:17:07.902668+00:00", "logger": "mas.coordinator", "level": "INFO", "event": "request_done", "status": "success", "seconds": 2.63, "tokens": 1327, "workers": ["data_agent"]}
{"ts": "2026-10-06T15:17:07.902854+00:00", "logger": "mas.coordinator", "level": "INFO", "event": "task_done", "task_id": "data_agent-943764e9", "worker": "data_agent", "status": "success", "seconds": 2.61}
{"ts": "2026-10-06T15:17:07.902920+00:00", "logger": "mas.coordinator", "level": "INFO", "event": "request_done", "status": "success", "seconds": 2.63, "tokens": 1326, "workers": ["data_agent"]}
{"ts": "2026-10-06T15:17:07.922742+00:00", "logger": "mas.coordinator", "level": "INFO", "event": "task_done", "task_id": "data_agent-1f86966d", "worker": "data_agent", "status": "success", "seconds": 2.62}
{"ts": "2026-10-06T15:17:07.922840+00:00", "logger": "mas.coordinator", "level": "INFO", "event": "request_done", "status": "success", "seconds": 2.65, "tokens": 1327, "workers": ["data_agent"]}
{"ts": "2026-10-06T15:17:07.984424+00:00", "logger": "mas.coordinator", "level": "INFO", "event": "task_done", "task_id": "data_agent-9d6e6338", "worker": "data_agent", "status": "success", "seconds": 2.7}
{"ts": "2026-10-06T15:17:07.984529+00:00", "logger": "mas.coordinator", "level": "INFO", "event": "request_done", "status": "success", "seconds": 2.71, "tokens": 1328, "workers": ["data_agent"]}
{"ts": "2026-10-06T15:17:08.137809+00:00", "logger": "mas.coordinator", "level": "INFO", "event": "task_done", "task_id": "data_agent-35a97f80", "worker": "data_agent", "status": "success", "seconds": 2.86}
{"ts": "2026-10-06T15:17:08.137934+00:00", "logger": "mas.coordinator", "level": "INFO", "event": "request_done", "status": "success", "seconds": 2.86, "tokens": 1327, "workers": ["data_agent"]}
{"ts": "2026-10-06T15:17:08.146613+00:00", "logger": "mas.coordinator", "level": "INFO", "event": "task_done", "task_id": "data_agent-340de577", "worker": "data_agent", "status": "success", "seconds": 2.87}
{"ts": "2026-10-06T15:17:08.146704+00:00", "logger": "mas.coordinator", "level": "INFO", "event": "request_done", "status": "success", "seconds": 2.87, "tokens": 1327, "workers": ["data_agent"]}
{"ts": "2026-10-06T15:17:08.177208+00:00", "logger": "mas.coordinator", "level": "INFO", "event": "task_done", "task_id": "data_agent-4c2e5af3", "worker": "data_agent", "status": "success", "seconds": 2.89}
{"ts": "2026-10-06T15:17:08.177322+00:00", "logger": "mas.coordinator", "level": "INFO", "event": "request_done", "status": "success", "seconds": 2.9, "tokens": 1327, "workers": ["data_agent"]}
